xg,possession,shots_on_target,pass_accuracy,ppda,tackles_successful,interceptions,aerial_duels_won_pct,outcome
1.1,58.8,1.0,85.40925266903915,10.0,21.0,10.0,50.0,Loss
0.43,41.2,2.0,78.88040712468194,8.727272727272727,42.0,13.0,50.0,Win
1.99,77.4,8.0,88.17966903073287,4.527777777777778,30.0,6.0,0.0,Win
1.46,22.6,2.0,65.9919028340081,16.217391304347824,25.0,21.0,0.0,Loss
0.7,49.2,4.0,84.40065681444992,15.970588235294118,22.0,12.0,50.0,Draw
2.38,50.8,4.0,86.19047619047619,14.277777777777779,24.0,12.0,50.0,Draw
0.1,54.4,1.0,82.78985507246377,6.648148148148148,49.0,5.0,50.0,Draw
1.65,45.6,5.0,77.5377969762419,7.616666666666666,45.0,15.0,50.0,Draw
1.16,18.8,3.0,69.96047430830039,24.21951219512195,27.0,14.0,50.0,Win
0.86,81.2,5.0,90.8508691674291,4.783783783783784,28.0,9.0,50.0,Loss
0.46,56.1,3.0,85.91065292096219,14.5,19.0,7.0,0.0,Draw
0.51,43.9,2.0,82.67543859649122,12.5,36.0,4.0,0.0,Draw
0.92,49.9,1.0,78.05825242718447,8.192307692307692,41.0,11.0,50.0,Loss
1.17,50.1,5.0,82.39845261121856,8.933333333333334,37.0,8.0,50.0,Win
0.36,35.9,2.0,78.38541666666666,11.313725490196079,36.0,15.0,50.0,Draw
0.85,64.1,1.0,84.11078717201165,6.142857142857143,37.0,12.0,50.0,Draw
0.62,60.6,3.0,78.35420393559929,6.305555555555555,26.0,10.0,50.0,Loss
1.45,39.4,8.0,62.53443526170799,7.423728813559322,44.0,15.0,50.0,Win
0.3,35.3,3.0,76.17728531855957,9.894736842105264,44.0,13.0,50.0,Win
0.48,64.7,3.0,85.32526475037821,5.092592592592593,42.0,12.0,50.0,Loss
0.21,35.8,1.0,78.06267806267806,14.552631578947368,34.0,4.0,50.0,Loss
2.92,64.2,8.0,87.77777777777777,9.448275862068966,20.0,9.0,50.0,Win
1.43,50.7,3.0,83.97085610200364,11.891891891891891,29.0,8.0,50.0,Win
0.61,49.3,5.0,82.55159474671669,9.604166666666666,33.0,15.0,50.0,Loss
2.1,61.6,5.0,86.61654135338345,9.882352941176471,31.0,3.0,50.0,Win
0.78,38.4,3.0,80.96385542168674,9.76271186440678,47.0,12.0,50.0,Loss
0.69,46.7,4.0,80.0,8.931818181818182,35.0,9.0,0.0,Loss
1.12,53.3,3.0,80.04073319755601,8.6,29.0,11.0,0.0,Win
0.6,57.9,2.0,85.24590163934425,7.533333333333333,32.0,13.0,50.0,Draw
1.4,42.1,3.0,76.52370203160271,10.4,40.0,10.0,50.0,Draw
1.73,36.7,5.0,76.8545994065282,11.372093023255815,31.0,12.0,50.0,Win
1.97,63.3,5.0,84.02061855670104,6.023255813953488,38.0,5.0,50.0,Loss
1.71,63.1,5.0,89.78365384615384,13.655172413793103,25.0,4.0,44.44444444444444,Win
0.14,36.9,3.0,81.48148148148148,19.657894736842106,26.0,12.0,55.55555555555556,Loss
1.93,48.8,6.0,85.92592592592592,8.553571428571429,41.0,15.0,50.0,Win
0.89,51.2,3.0,84.47971781305115,8.923076923076923,41.0,11.0,50.0,Loss
2.77,73.8,11.0,87.53026634382567,6.71875,29.0,3.0,50.0,Loss
1.25,26.2,4.0,73.12925170068027,12.910714285714286,48.0,8.0,50.0,Win
1.57,60.8,6.0,84.21052631578947,7.875,30.0,10.0,0.0,Draw
1.06,39.2,1.0,75.53956834532374,9.379310344827585,46.0,12.0,0.0,Draw
0.53,60.0,4.0,80.33088235294117,5.078431372549019,43.0,8.0,50.0,Draw
1.14,40.0,2.0,71.54696132596685,11.205128205128204,31.0,8.0,50.0,Draw
0.96,45.2,3.0,80.08849557522124,10.5,34.0,10.0,50.0,Loss
0.9,54.8,4.0,84.46069469835467,12.482758620689655,23.0,6.0,50.0,Win
0.67,52.7,3.0,84.45692883895131,10.552631578947368,29.0,9.0,50.0,Win
2.55,47.3,3.0,83.54166666666667,13.264705882352942,22.0,12.0,50.0,Loss
0.92,53.8,5.0,84.92462311557789,9.304347826086957,32.0,14.0,50.0,Win
0.29,46.2,0.0,83.4307992202729,12.365853658536585,33.0,8.0,50.0,Loss
4.49,51.9,7.0,82.77858176555716,9.31578947368421,33.0,24.0,50.0,Draw
5.86,48.1,10.0,82.96875,10.79245283018868,43.0,10.0,50.0,Draw
1.03,32.8,5.0,75.93582887700535,12.622641509433961,38.0,15.0,50.0,Loss
4.32,67.2,14.0,87.33681462140991,7.282051282051282,28.0,11.0,50.0,Win
0.77,56.8,3.0,85.1373182552504,11.0,26.0,8.0,45.45454545454545,Loss
0.2,43.2,1.0,79.57446808510639,10.755102040816327,37.0,12.0,54.54545454545454,Win
5.89,54.9,14.0,80.8080808080808,6.888888888888889,50.0,13.0,50.0,Draw
5.41,45.1,8.0,76.14035087719299,8.88888888888889,48.0,15.0,50.0,Draw
0.85,50.8,4.0,83.14393939393939,12.676470588235293,26.0,8.0,0.0,Win
0.99,49.2,2.0,84.1796875,10.707317073170731,25.0,16.0,0.0,Loss
1.19,53.9,5.0,78.1190019193858,8.871794871794872,34.0,5.0,0.0,Loss
3.1,46.1,7.0,77.75280898876404,7.826923076923077,34.0,18.0,0.0,Win
1.48,60.4,5.0,88.73626373626374,7.836734693877551,33.0,16.0,0.0,Win
0.43,39.6,1.0,80.3347280334728,16.564102564102566,30.0,9.0,0.0,Loss
0.47,32.9,4.0,62.57142857142857,11.568627450980392,40.0,11.0,50.0,Win
0.74,67.1,4.0,82.51748251748252,3.532258064516129,50.0,12.0,50.0,Loss
2.12,58.1,11.0,87.2168284789644,7.468085106382978,39.0,8.0,50.0,Win
0.16,41.9,0.0,78.69955156950674,12.25,33.0,11.0,50.0,Loss
1.05,57.6,4.0,74.08759124087592,4.491803278688525,53.0,8.0,53.333333333333336,Loss
0.36,42.4,2.0,67.82178217821783,6.34375,53.0,11.0,46.666666666666664,Win
1.0,59.9,4.0,77.84946236559139,4.4375,39.0,9.0,0.0,Loss
1.71,40.1,3.0,68.48874598070739,9.526315789473685,31.0,7.0,0.0,Win
0.42,55.2,3.0,83.33333333333334,6.157894736842105,40.0,17.0,0.0,Draw
0.49,44.8,0.0,75.80993520518359,7.916666666666667,47.0,13.0,0.0,Draw
0.97,25.4,3.0,73.89558232931726,14.325581395348838,28.0,15.0,0.0,Win
0.74,74.6,4.0,84.26812585499316,6.133333333333334,26.0,4.0,0.0,Loss
1.08,39.8,2.0,60.24844720496895,7.0576923076923075,37.0,15.0,50.0,Loss
2.32,60.2,10.0,75.20491803278688,3.9591836734693877,34.0,15.0,50.0,Win
0.2,27.0,0.0,79.22848664688428,19.666666666666668,32.0,10.0,0.0,Loss
3.08,73.0,13.0,90.86908690869086,7.852941176470588,27.0,7.0,0.0,Win
0.33,58.5,2.0,83.9506172839506,7.069767441860465,38.0,5.0,55.55555555555556,Win
0.21,41.5,1.0,75.43424317617865,8.654545454545454,39.0,16.0,44.44444444444444,Loss
2.28,48.0,9.0,82.78688524590164,11.526315789473685,28.0,10.0,0.0,Win
1.27,52.0,3.0,82.95454545454545,13.931034482758621,20.0,9.0,0.0,Loss
1.02,60.5,4.0,85.62300319488818,6.333333333333333,36.0,15.0,50.0,Win
0.97,39.5,1.0,79.16666666666666,15.764705882352942,25.0,9.0,50.0,Loss
1.86,40.0,7.0,82.87037037037037,13.30952380952381,34.0,8.0,50.0,Win
0.41,60.0,2.0,86.26543209876543,8.731707317073171,29.0,12.0,50.0,Loss
2.35,57.3,8.0,83.93501805054152,6.3076923076923075,43.0,9.0,50.0,Loss
0.84,42.7,5.0,79.6116504854369,12.236842105263158,31.0,7.0,50.0,Win
2.0,38.6,3.0,81.65374677002583,9.981132075471699,33.0,20.0,50.0,Win
1.23,61.4,1.0,86.01626016260163,7.523809523809524,38.0,4.0,50.0,Loss
3.77,49.7,5.0,86.70284938941656,10.516129032258064,48.0,14.0,50.0,Draw
4.95,50.3,15.0,87.28246318607763,14.522727272727273,36.0,8.0,50.0,Draw
3.7,25.5,6.0,68.4931506849315,16.271186440677965,41.0,18.0,0.0,Draw
2.85,74.5,5.0,89.8876404494382,6.578947368421052,29.0,9.0,0.0,Draw
4.2,42.2,8.0,74.91408934707904,9.125,51.0,21.0,50.0,Draw
3.99,57.8,8.0,82.53768844221105,8.549019607843137,41.0,10.0,50.0,Draw
3.26,53.6,10.0,88.29953198127926,11.9,32.0,8.0,50.0,Win
0.34,46.4,6.0,85.76576576576576,11.551020408163266,27.0,22.0,50.0,Loss
1.13,54.9,8.0,85.16020236087691,11.277777777777779,21.0,15.0,0.0,Win
1.59,45.1,2.0,83.19672131147541,10.978260869565217,38.0,8.0,0.0,Loss
1.48,41.5,6.0,75.62642369020502,10.847826086956522,39.0,7.0,50.0,Win
1.65,58.5,6.0,80.74433656957929,7.217391304347826,31.0,15.0,50.0,Loss
1.21,58.8,4.0,83.86581469648561,9.818181818181818,26.0,7.0,0.0,Win
1.22,41.2,4.0,73.97260273972603,13.125,31.0,9.0,0.0,Loss
0.64,64.1,2.0,87.17948717948718,8.558823529411764,22.0,12.0,50.0,Draw
1.15,35.9,4.0,78.4366576819407,9.796610169491526,40.0,19.0,50.0,Draw
2.07,42.4,8.0,69.87341772151898,8.392156862745098,31.0,20.0,50.0,Draw
1.74,57.6,6.0,79.8507462686567,6.0,37.0,9.0,50.0,Draw
0.64,67.0,4.0,85.91749644381224,8.2,33.0,2.0,50.0,Loss
0.99,33.0,4.0,82.70893371757924,14.046511627906977,35.0,8.0,50.0,Win
0.3,47.4,0.0,81.62393162393163,14.89655172413793,24.0,5.0,50.0,Loss
1.15,52.6,3.0,83.23699421965318,9.317073170731707,33.0,8.0,50.0,Win
2.49,69.3,6.0,83.90092879256966,5.794117647058823,23.0,11.0,50.0,Loss
0.15,30.7,2.0,68.88111888111888,9.186440677966102,38.0,21.0,50.0,Win
1.37,64.0,6.0,82.47933884297521,6.65,35.0,5.0,50.0,Loss
1.18,36.0,3.0,78.23529411764706,9.24074074074074,45.0,9.0,50.0,Win
1.39,51.2,4.0,77.89046653144015,6.385964912280702,51.0,6.0,50.0,Loss
1.64,48.8,6.0,77.61194029850746,7.111111111111111,44.0,10.0,50.0,Win
2.76,81.3,8.0,92.56880733944955,4.777777777777778,29.0,7.0,0.0,Win
0.0,18.7,0.0,68.8,21.46808510638298,38.0,9.0,0.0,Loss
2.61,48.9,10.0,81.06508875739645,7.048387096774194,45.0,17.0,50.0,Win
0.29,51.1,2.0,82.6086956521739,12.84375,22.0,10.0,50.0,Loss
0.38,36.0,3.0,76.27627627627628,12.8,29.0,11.0,0.0,Win
2.38,64.0,8.0,86.3406408094435,6.684210526315789,34.0,4.0,0.0,Loss
3.17,61.6,6.0,89.1218872870249,10.102564102564102,28.0,11.0,50.0,Win
0.32,38.4,2.0,82.94736842105263,17.0,29.0,11.0,50.0,Loss
1.4,38.5,6.0,79.63917525773195,17.8,23.0,7.0,0.0,Win
0.97,61.5,6.0,86.26817447495961,7.536585365853658,35.0,6.0,0.0,Loss
2.61,58.0,10.0,86.2781954887218,10.0,22.0,9.0,0.0,Loss
0.41,42.0,3.0,80.51948051948052,18.36,22.0,3.0,0.0,Win
2.92,57.5,8.0,84.78964401294499,19.105263157894736,14.0,5.0,0.0,Win
0.69,42.5,4.0,79.43107221006565,16.375,20.0,12.0,0.0,Loss
3.17,59.9,7.0,90.93904448105437,16.61904761904762,16.0,5.0,0.0,Win
1.08,40.1,2.0,85.96059113300493,18.4,23.0,7.0,0.0,Loss
1.04,60.5,3.0,82.39316239316238,10.214285714285714,17.0,11.0,0.0,Loss
1.43,39.5,1.0,74.86910994764398,12.35897435897436,21.0,18.0,0.0,Win
1.15,38.5,3.0,75.79250720461094,10.377777777777778,32.0,13.0,0.0,Loss
1.56,61.5,6.0,84.29602888086643,7.305555555555555,28.0,8.0,0.0,Win
2.02,55.5,4.0,77.77777777777779,8.257142857142858,28.0,7.0,0.0,Win
0.41,44.5,0.0,75.6544502617801,10.911764705882353,26.0,8.0,0.0,Loss
2.3,65.6,9.0,84.16801292407108,8.821428571428571,22.0,6.0,50.0,Loss
0.99,34.4,4.0,76.23456790123457,12.116279069767442,26.0,17.0,50.0,Win
0.43,24.3,0.0,60.30534351145038,23.193548387096776,19.0,12.0,50.0,Loss
2.2,75.7,3.0,88.11274509803921,8.777777777777779,12.0,6.0,50.0,Win
1.81,46.7,3.0,83.95303326810176,18.48148148148148,17.0,10.0,0.0,Win
0.27,53.3,2.0,85.44520547945206,11.594594594594595,19.0,18.0,0.0,Loss
1.86,44.3,4.0,76.32183908045977,8.074074074074074,30.0,24.0,0.0,Win
0.63,55.7,3.0,79.56204379562044,8.3,29.0,11.0,0.0,Loss
1.22,58.3,3.0,77.19626168224299,6.682926829268292,30.0,11.0,50.0,Loss
1.83,41.7,6.0,71.72774869109948,13.766666666666667,18.0,12.0,50.0,Win
4.75,47.9,9.0,77.15827338129496,12.552631578947368,31.0,7.0,50.0,Draw
6.16,52.1,7.0,78.84297520661157,11.916666666666666,31.0,5.0,50.0,Draw
0.69,31.0,4.0,69.41580756013745,12.431818181818182,29.0,15.0,0.0,Loss
2.85,69.0,6.0,84.41358024691358,5.771428571428571,22.0,13.0,0.0,Win
0.89,54.1,3.0,83.64565587734242,19.047619047619047,18.0,3.0,50.0,Loss
1.04,45.9,2.0,80.16032064128257,16.366666666666667,24.0,6.0,50.0,Win
2.13,38.2,7.0,67.6737160120846,13.666666666666666,24.0,9.0,0.0,Loss
0.67,61.8,3.0,84.29906542056075,6.054054054054054,30.0,7.0,0.0,Win
0.98,49.1,4.0,68.73661670235546,10.588235294117647,26.0,8.0,0.0,Win
1.7,50.9,2.0,74.3801652892562,7.133333333333334,32.0,13.0,0.0,Loss
2.08,78.0,7.0,87.1859296482412,6.2272727272727275,19.0,3.0,50.0,Draw
1.03,22.0,2.0,61.16071428571429,10.35820895522388,39.0,28.0,50.0,Draw
1.2,47.5,1.0,84.04669260700389,22.136363636363637,16.0,6.0,50.0,Loss
0.97,52.5,3.0,85.58875219683657,11.675675675675675,30.0,7.0,50.0,Win
0.91,33.1,3.0,66.44736842105263,18.214285714285715,22.0,6.0,0.0,Win
0.53,66.9,3.0,82.92682926829268,9.181818181818182,15.0,7.0,0.0,Loss
1.58,27.5,2.0,64.43514644351464,12.418604651162791,25.0,18.0,50.0,Draw
1.52,72.5,4.0,84.76190476190476,6.16,18.0,7.0,50.0,Draw
0.88,43.3,2.0,70.7808564231738,8.883720930232558,37.0,6.0,50.0,Win
1.46,56.7,4.0,73.60308285163777,6.534883720930233,29.0,14.0,50.0,Loss
2.14,55.0,8.0,75.0,11.852941176470589,28.0,6.0,0.0,Win
0.55,45.0,1.0,75.04655493482309,30.75,11.0,5.0,0.0,Loss
3.1,71.8,10.0,88.13333333333333,6.612903225806452,27.0,4.0,50.0,Win
0.16,28.2,0.0,69.72789115646259,18.885714285714286,27.0,8.0,50.0,Loss
0.36,42.9,3.0,73.34754797441366,8.142857142857142,47.0,16.0,50.0,Loss
1.94,57.1,5.0,82.34349919743178,7.818181818181818,23.0,21.0,50.0,Win
0.82,42.1,6.0,77.5,14.551724137931034,24.0,5.0,50.0,Loss
1.88,57.9,5.0,85.25252525252526,6.804878048780488,28.0,13.0,50.0,Win
1.21,62.6,6.0,84.09836065573771,8.114285714285714,23.0,12.0,0.0,Win
0.63,37.4,2.0,78.02197802197803,11.659090909090908,29.0,15.0,0.0,Loss
1.11,45.0,2.0,75.89285714285714,8.372549019607844,33.0,18.0,50.0,Loss
1.39,55.0,3.0,77.91970802919708,7.23404255319149,38.0,9.0,50.0,Win
1.43,33.2,3.0,81.95876288659794,34.0,15.0,6.0,0.0,Draw
1.66,66.8,6.0,91.53846153846153,9.636363636363637,21.0,12.0,0.0,Draw
0.95,40.6,1.0,75.39149888143176,16.264705882352942,28.0,6.0,50.0,Loss
1.42,59.4,7.0,84.68606431852986,8.425,30.0,10.0,50.0,Win
1.32,75.4,6.0,86.2116991643454,5.655172413793103,26.0,3.0,50.0,Win
0.82,24.6,6.0,70.08547008547008,24.76,16.0,9.0,50.0,Loss
0.95,39.2,1.0,77.44565217391305,9.877551020408163,36.0,13.0,0.0,Loss
2.63,60.8,8.0,84.91228070175438,14.25,14.0,6.0,0.0,Win
1.64,39.5,5.0,80.85714285714286,11.2,32.0,8.0,50.0,Win
1.45,60.5,4.0,83.73831775700936,9.129032258064516,24.0,7.0,50.0,Loss
6.09,53.4,11.0,77.74436090225564,13.90625,23.0,9.0,50.0,Draw
4.61,46.6,8.0,76.592082616179,17.233333333333334,17.0,13.0,50.0,Draw
1.31,60.9,5.0,78.0718336483932,6.787878787878788,25.0,8.0,50.0,Win
1.55,39.1,3.0,66.07669616519173,11.472222222222221,29.0,7.0,50.0,Loss
1.69,54.2,2.0,77.33598409542743,8.394736842105264,24.0,14.0,0.0,Win
0.76,45.8,2.0,75.05882352941177,13.413793103448276,23.0,6.0,0.0,Loss
1.63,57.2,2.0,85.04347826086956,22.733333333333334,10.0,5.0,0.0,Loss
0.34,42.8,3.0,79.11832946635731,10.866666666666667,39.0,6.0,0.0,Win
0.36,41.3,3.0,71.34146341463415,9.944444444444445,20.0,16.0,50.0,Loss
0.28,58.7,2.0,76.82403433476395,9.36,20.0,5.0,50.0,Win
1.22,62.2,4.0,84.36974789915966,9.655172413793103,22.0,7.0,0.0,Draw
1.58,37.8,8.0,77.34806629834254,18.59259259259259,14.0,13.0,0.0,Draw
1.56,55.3,4.0,81.05646630236795,11.793103448275861,22.0,7.0,50.0,Win
0.98,44.7,2.0,77.02702702702703,8.24074074074074,39.0,15.0,50.0,Loss
2.48,58.1,6.0,82.88973384030417,8.787878787878787,27.0,6.0,50.0,Win
0.18,41.9,1.0,76.31578947368422,19.818181818181817,15.0,7.0,50.0,Loss
3.32,48.9,10.0,80.48780487804879,8.209302325581396,34.0,9.0,0.0,Win
0.58,51.1,1.0,82.28438228438229,10.64516129032258,27.0,4.0,0.0,Loss
1.01,47.3,5.0,82.84518828451883,11.631578947368421,28.0,10.0,0.0,Draw
1.41,52.7,5.0,82.92682926829268,15.84,21.0,4.0,0.0,Draw
0.6,52.3,3.0,78.17047817047818,9.305555555555555,27.0,9.0,50.0,Loss
1.99,47.7,2.0,76.30979498861048,9.4,34.0,6.0,50.0,Win
0.69,38.3,4.0,61.64772727272727,8.557692307692308,38.0,14.0,0.0,Loss
0.54,61.7,2.0,78.48324514991182,4.520833333333333,31.0,17.0,0.0,Win
1.1,34.5,6.0,69.17808219178082,12.8,24.0,11.0,0.0,Win
1.48,65.5,3.0,80.86642599277978,5.771428571428571,29.0,6.0,0.0,Loss
5.36,78.0,14.0,88.67761452031115,5.972222222222222,33.0,3.0,0.0,Draw
4.54,22.0,5.0,65.95092024539878,20.52,29.0,21.0,0.0,Draw
5.34,50.4,12.0,82.52631578947368,12.064516129032258,15.0,16.0,0.0,Win
1.19,49.6,5.0,80.08565310492506,17.043478260869566,14.0,9.0,0.0,Loss
1.93,52.0,6.0,79.77011494252874,8.38888888888889,28.0,8.0,50.0,Loss
1.12,48.0,3.0,75.12437810945273,8.897435897435898,28.0,11.0,50.0,Win
2.6,75.0,3.0,89.64143426294821,6.448275862068965,20.0,9.0,50.0,Draw
1.07,25.0,4.0,74.5019920318725,21.774193548387096,23.0,8.0,50.0,Draw
1.87,54.8,4.0,85.22522522522522,9.552631578947368,16.0,22.0,0.0,Draw
0.47,45.2,2.0,79.25764192139738,12.128205128205128,24.0,15.0,0.0,Draw
1.31,35.1,3.0,65.21739130434783,9.58,23.0,27.0,50.0,Loss
0.85,64.9,4.0,80.50420168067227,5.833333333333333,23.0,13.0,50.0,Win
0.48,32.9,3.0,65.29209621993127,10.565217391304348,35.0,11.0,50.0,Win
1.0,67.1,4.0,81.95615514333895,5.428571428571429,25.0,10.0,50.0,Loss
1.06,64.8,3.0,80.6910569105691,5.333333333333333,18.0,9.0,0.0,Loss
0.7,35.2,2.0,53.93258426966292,9.925,31.0,9.0,0.0,Win
1.28,40.4,7.0,70.10309278350515,15.266666666666667,26.0,4.0,50.0,Win
0.25,59.6,0.0,80.06993006993007,5.44,43.0,7.0,50.0,Loss
1.61,66.7,3.0,79.52755905511812,5.62962962962963,15.0,12.0,50.0,Loss
2.79,33.3,5.0,59.84251968503938,10.35897435897436,27.0,12.0,50.0,Win
0.83,41.5,3.0,72.75,10.65,31.0,9.0,0.0,Loss
0.76,58.5,2.0,75.66607460035524,12.125,20.0,4.0,0.0,Win
1.77,26.1,5.0,71.04247104247105,21.033333333333335,24.0,6.0,0.0,Win
2.71,73.9,6.0,85.96730245231608,6.571428571428571,20.0,8.0,0.0,Loss
0.81,40.1,3.0,74.40758293838863,11.27659574468085,34.0,13.0,50.0,Loss
2.32,59.9,6.0,84.12698412698413,6.28,31.0,19.0,50.0,Win
1.68,37.1,5.0,82.01634877384197,27.45,12.0,8.0,50.0,Win
0.57,62.9,2.0,88.12199036918138,13.681818181818182,17.0,5.0,50.0,Loss
1.32,42.1,4.0,85.57114228456913,23.807692307692307,17.0,9.0,50.0,Win
1.34,57.9,5.0,90.36496350364963,17.791666666666668,11.0,13.0,50.0,Loss
4.99,35.1,10.0,63.78896882494005,18.393939393939394,24.0,9.0,50.0,Draw
5.57,64.9,10.0,78.72892347600519,11.083333333333334,17.0,7.0,50.0,Draw
0.14,32.9,1.0,69.00584795321637,14.8,30.0,10.0,50.0,Draw
0.42,67.1,4.0,84.69241773962804,11.238095238095237,16.0,5.0,50.0,Draw
0.98,54.8,4.0,77.31092436974791,6.951219512195122,33.0,8.0,50.0,Draw
1.88,45.2,7.0,72.70408163265306,10.823529411764707,25.0,9.0,50.0,Draw
2.55,64.0,7.0,87.3887240356083,7.891891891891892,18.0,19.0,0.0,Win
0.92,36.0,1.0,77.04485488126649,21.814814814814813,15.0,12.0,0.0,Loss
1.84,73.3,8.0,85.3917662682603,5.709677419354839,26.0,5.0,50.0,Win
0.31,26.7,1.0,64.59854014598541,10.540983606557377,45.0,16.0,50.0,Loss
1.1,49.5,2.0,79.5031055900621,9.25,30.0,14.0,50.0,Loss
2.1,50.5,7.0,82.72357723577237,8.347826086956522,34.0,12.0,50.0,Win
0.25,47.0,1.0,84.30656934306569,15.970588235294118,28.0,6.0,0.0,Loss
0.56,53.0,2.0,87.86407766990291,15.4,23.0,7.0,0.0,Win
0.76,72.8,3.0,89.87341772151899,12.882352941176471,13.0,4.0,50.0,Draw
0.16,27.2,1.0,74.23728813559322,22.1875,26.0,6.0,50.0,Draw
1.48,47.3,4.0,86.23853211009175,14.38888888888889,26.0,10.0,50.0,Draw
0.99,52.7,3.0,85.19736842105263,18.8,21.0,4.0,50.0,Draw
1.57,46.8,5.0,83.6734693877551,17.214285714285715,25.0,3.0,50.0,Win
2.48,53.2,5.0,86.53500897666068,8.36734693877551,38.0,11.0,50.0,Loss
1.55,39.6,5.0,77.12082262210797,9.92156862745098,44.0,7.0,50.0,Draw
1.46,60.4,5.0,85.18518518518519,7.142857142857143,37.0,5.0,50.0,Draw
1.89,57.3,8.0,86.31756756756756,13.285714285714286,22.0,6.0,40.0,Draw
1.18,42.7,3.0,84.35374149659864,13.102564102564102,28.0,11.0,60.0,Draw
1.44,46.7,3.0,78.97196261682244,13.666666666666666,25.0,5.0,50.0,Loss
1.82,53.3,9.0,84.01639344262296,6.76,28.0,22.0,50.0,Win
1.18,38.4,1.0,75.92067988668555,10.08695652173913,39.0,7.0,50.0,Draw
2.87,61.6,12.0,81.83421516754849,6.380952380952381,38.0,4.0,50.0,Draw
2.4,55.7,8.0,88.25448613376835,10.024390243902438,38.0,3.0,50.0,Win
1.58,44.3,5.0,84.22131147540983,11.040816326530612,44.0,5.0,50.0,Loss
1.12,30.6,6.0,70.60931899641577,16.8125,26.0,6.0,50.0,Win
0.54,69.4,3.0,85.12658227848101,5.96969696969697,28.0,5.0,50.0,Loss
0.75,56.8,5.0,87.62541806020067,18.285714285714285,19.0,2.0,50.0,Loss
1.73,43.2,5.0,84.3956043956044,14.971428571428572,25.0,10.0,50.0,Win
0.91,33.9,7.0,77.1604938271605,13.875,33.0,7.0,50.0,Loss
1.31,66.1,4.0,87.95562599049128,8.620689655172415,22.0,7.0,50.0,Win
1.35,28.9,3.0,74.91638795986621,14.688888888888888,39.0,6.0,50.0,Win
2.36,71.1,5.0,89.68792401628222,7.724137931034483,26.0,3.0,50.0,Loss
1.26,55.4,2.0,90.76923076923077,13.411764705882353,23.0,11.0,50.0,Win
0.36,44.6,2.0,87.02290076335878,15.526315789473685,30.0,8.0,50.0,Loss
4.45,52.3,8.0,87.66937669376695,19.419354838709676,28.0,3.0,50.0,Draw
4.34,47.7,8.0,89.45022288261517,17.97222222222222,30.0,6.0,50.0,Draw
0.78,43.4,3.0,83.11965811965813,12.25,33.0,11.0,50.0,Loss
1.9,56.6,3.0,88.36065573770492,11.787878787878787,25.0,8.0,50.0,Win
0.97,32.9,3.0,74.63556851311954,11.980392156862745,40.0,11.0,50.0,Draw
1.51,67.1,4.0,87.28571428571429,11.636363636363637,19.0,3.0,50.0,Draw
0.28,34.7,3.0,76.566757493188,18.363636363636363,24.0,9.0,50.0,Draw
1.54,65.3,4.0,87.82608695652175,8.264705882352942,23.0,11.0,50.0,Draw
0.77,47.8,4.0,76.31578947368422,10.735294117647058,30.0,4.0,50.0,Draw
0.99,52.2,5.0,80.04385964912281,7.595238095238095,35.0,7.0,50.0,Draw
0.41,41.9,4.0,88.98876404494382,15.527777777777779,27.0,9.0,50.0,Loss
1.24,58.1,6.0,90.59967585089142,14.666666666666666,20.0,7.0,50.0,Win
1.79,64.7,6.0,87.5,7.470588235294118,32.0,2.0,50.0,Win
0.73,35.3,3.0,78.63777089783281,13.282051282051283,36.0,3.0,50.0,Loss
0.42,58.1,2.0,87.26937269372694,10.258064516129032,27.0,4.0,50.0,Win
0.85,41.9,3.0,81.32992327365729,12.783783783783784,31.0,6.0,50.0,Loss
0.72,59.0,4.0,87.5219683655536,9.575757575757576,27.0,6.0,50.0,Win
1.18,41.0,3.0,80.0,9.576923076923077,39.0,13.0,50.0,Loss
4.54,59.7,8.0,90.50701186623516,19.344827586206897,23.0,6.0,50.0,Draw
4.98,40.3,12.0,89.75999999999999,21.512820512820515,28.0,11.0,50.0,Draw
1.51,53.3,3.0,80.94262295081968,8.21951219512195,32.0,9.0,50.0,Loss
1.06,46.7,5.0,78.73831775700934,7.745098039215686,42.0,9.0,50.0,Win
0.73,50.4,7.0,84.32708688245314,11.642857142857142,33.0,9.0,50.0,Draw
1.17,49.6,5.0,84.74870017331023,13.75,31.0,5.0,50.0,Draw
1.53,48.1,6.0,84.48844884488449,13.923076923076923,29.0,10.0,50.0,Win
1.63,51.9,6.0,82.90076335877863,11.377777777777778,39.0,6.0,50.0,Loss
0.71,40.1,5.0,84.28927680798004,11.217391304347826,33.0,13.0,50.0,Draw
0.63,59.9,4.0,86.0,16.9,18.0,2.0,50.0,Draw
1.41,32.9,6.0,69.92481203007519,13.342857142857143,29.0,6.0,0.0,Loss
1.22,67.1,5.0,86.0036832412523,3.9574468085106385,41.0,6.0,0.0,Win
2.49,59.5,5.0,80.89171974522293,7.72093023255814,37.0,6.0,50.0,Loss
0.88,40.5,3.0,77.75175644028103,11.043478260869565,34.0,12.0,50.0,Win
0.27,36.3,1.0,71.78683385579937,12.051282051282051,30.0,9.0,50.0,Loss
2.63,63.7,7.0,84.07871198568873,6.735294117647059,22.0,12.0,50.0,Win
4.07,70.7,8.0,85.2731591448931,3.789473684210526,44.0,13.0,50.0,Draw
3.07,29.3,5.0,61.891117478510026,8.864197530864198,67.0,14.0,50.0,Draw
2.76,74.9,13.0,92.0,7.258064516129032,23.0,8.0,50.0,Win
0.11,25.1,0.0,78.94736842105263,20.05128205128205,28.0,11.0,50.0,Loss
1.59,62.9,3.0,84.51834862385321,8.0,41.0,9.0,50.0,Win
1.55,37.1,3.0,77.82101167315176,12.283333333333333,49.0,11.0,50.0,Loss
0.55,52.9,3.0,83.47245409015025,10.75,31.0,9.0,50.0,Draw
0.32,47.1,1.0,80.52434456928839,9.433962264150944,46.0,7.0,50.0,Draw
0.5,40.7,4.0,81.25,11.680851063829786,30.0,17.0,50.0,Loss
0.95,59.3,3.0,87.14285714285714,8.560975609756097,30.0,11.0,50.0,Win
2.23,54.8,9.0,87.65217391304347,12.9,22.0,8.0,50.0,Win
1.07,45.2,2.0,81.47368421052632,12.6,34.0,6.0,50.0,Loss
0.78,49.9,3.0,88.41354723707666,16.0,25.0,5.0,50.0,Win
0.73,50.1,2.0,85.2575488454707,19.84,17.0,8.0,50.0,Loss
0.18,57.1,0.0,80.89053803339517,6.880952380952381,35.0,7.0,50.0,Loss
1.0,42.9,7.0,71.35802469135803,6.920634920634921,59.0,4.0,50.0,Win
0.74,37.8,4.0,86.55660377358491,21.0,20.0,10.0,50.0,Draw
1.22,62.2,3.0,90.38737446197992,17.476190476190474,17.0,4.0,50.0,Draw
1.53,56.7,9.0,90.38461538461539,10.236842105263158,28.0,10.0,50.0,Win
0.14,43.3,1.0,81.72268907563026,13.116279069767442,34.0,9.0,50.0,Loss
1.86,66.6,8.0,88.39941262848751,7.764705882352941,22.0,12.0,50.0,Draw
1.33,33.4,7.0,77.41935483870968,14.0,32.0,11.0,50.0,Draw
1.48,69.2,7.0,90.76517150395779,7.361111111111111,29.0,7.0,50.0,Win
1.23,30.8,2.0,78.63501483679525,21.5,26.0,6.0,50.0,Loss
0.75,51.5,3.0,81.66351606805293,8.42,42.0,8.0,50.0,Loss
1.9,48.5,3.0,84.3687374749499,14.4,20.0,10.0,50.0,Win
1.75,60.1,5.0,84.52579034941763,11.884615384615385,23.0,3.0,50.0,Loss
0.71,39.9,4.0,77.44360902255639,15.875,18.0,14.0,50.0,Win
1.45,67.8,4.0,91.69590643274854,14.166666666666666,18.0,6.0,50.0,Win
0.35,32.2,2.0,83.74384236453201,26.133333333333333,17.0,13.0,50.0,Loss
0.84,57.7,4.0,77.41935483870968,6.7631578947368425,26.0,12.0,50.0,Draw
1.12,42.3,5.0,70.6043956043956,10.378378378378379,28.0,9.0,50.0,Draw
1.65,55.5,9.0,82.6086956521739,10.03225806451613,25.0,6.0,50.0,Win
1.25,44.5,4.0,80.36175710594316,8.48936170212766,40.0,7.0,50.0,Loss
1.84,72.4,10.0,91.97786998616874,7.103448275862069,24.0,5.0,50.0,Win
0.06,27.6,0.0,74.90909090909092,22.166666666666668,23.0,7.0,50.0,Loss
3.24,52.4,9.0,84.3298969072165,8.488372093023257,23.0,20.0,0.0,Win
1.98,47.6,4.0,82.95454545454545,10.763157894736842,25.0,13.0,0.0,Loss
2.04,47.4,5.0,90.82733812949641,17.8125,25.0,7.0,0.0,Draw
1.51,52.6,4.0,92.38249594813614,14.852941176470589,20.0,14.0,0.0,Draw
1.98,50.3,11.0,85.46511627906976,10.707317073170731,24.0,17.0,50.0,Win
1.24,49.7,6.0,86.07843137254902,8.166666666666666,34.0,20.0,50.0,Loss
1.58,42.4,4.0,82.54310344827587,11.829787234042554,40.0,7.0,0.0,Win
0.55,57.6,0.0,88.11410459587957,9.820512820512821,37.0,2.0,0.0,Loss
0.99,49.8,2.0,81.29032258064515,8.0,30.0,16.0,50.0,Draw
1.91,50.2,1.0,78.46481876332622,8.790697674418604,31.0,12.0,50.0,Draw
3.96,28.0,5.0,69.25,11.525,56.0,24.0,50.0,Draw
6.93,72.0,16.0,89.42774005819592,6.925,29.0,11.0,50.0,Draw
0.22,42.8,1.0,83.65180467091295,14.64864864864865,30.0,7.0,50.0,Win
1.21,57.2,5.0,86.03174603174604,8.382978723404255,29.0,18.0,50.0,Loss
0.84,51.5,0.0,73.4090909090909,4.602941176470588,50.0,18.0,50.0,Loss
1.27,48.5,5.0,75.42168674698794,5.666666666666667,51.0,6.0,50.0,Win
1.52,51.6,7.0,86.78977272727273,9.327586206896552,38.0,20.0,50.0,Win
1.04,48.4,3.0,81.96969696969697,8.36986301369863,48.0,25.0,50.0,Loss
0.91,46.4,5.0,83.21167883211679,15.727272727272727,29.0,15.0,0.0,Loss
1.34,53.6,5.0,87.37373737373737,11.176470588235293,37.0,14.0,0.0,Win
0.6,47.5,1.0,81.66666666666667,8.042553191489361,36.0,11.0,50.0,Loss
2.16,52.5,9.0,81.29032258064515,10.393939393939394,23.0,10.0,50.0,Win
1.8,46.9,3.0,81.95020746887967,13.5,27.0,9.0,50.0,Loss
1.14,53.1,4.0,89.01098901098901,9.404761904761905,34.0,8.0,50.0,Win
0.34,48.1,2.0,90.0,15.5,25.0,13.0,50.0,Loss
1.22,51.9,6.0,90.89506172839506,15.882352941176471,15.0,19.0,50.0,Win
4.32,31.0,10.0,75.52941176470588,18.931818181818183,27.0,17.0,0.0,Draw
4.54,69.0,7.0,88.05496828752642,6.294117647058823,28.0,23.0,0.0,Draw
2.79,34.1,6.0,81.12033195020747,15.903846153846153,32.0,20.0,0.0,Loss
2.78,65.9,11.0,88.9247311827957,7.979591836734694,40.0,9.0,0.0,Win
0.47,35.1,3.0,79.40379403794037,13.444444444444445,32.0,13.0,0.0,Draw
1.69,64.9,5.0,88.83994126284875,10.464285714285714,19.0,9.0,0.0,Draw
6.0,65.6,9.0,88.24858757062147,5.661290322580645,45.0,17.0,0.0,Draw
4.34,34.4,6.0,75.48387096774194,12.015384615384615,47.0,18.0,0.0,Draw
1.09,34.8,2.0,68.16608996539793,7.0476190476190474,49.0,14.0,50.0,Loss
2.33,65.2,9.0,81.91881918819189,4.690476190476191,37.0,5.0,50.0,Win
1.67,69.7,8.0,91.25596184419715,7.814814814814815,22.0,5.0,0.0,Win
0.24,30.3,1.0,77.00729927007299,15.105263157894736,27.0,11.0,0.0,Loss
1.94,42.6,3.0,84.38914027149322,20.576923076923077,21.0,5.0,0.0,Loss
2.13,57.4,8.0,89.76510067114094,12.03225806451613,20.0,11.0,0.0,Win
1.31,61.9,5.0,83.54203935599284,5.446808510638298,39.0,8.0,0.0,Loss
2.87,38.1,7.0,74.4186046511628,8.49090909090909,40.0,15.0,0.0,Win
1.71,49.6,3.0,85.74007220216606,12.710526315789474,23.0,15.0,0.0,Win
0.33,50.4,1.0,85.79040852575488,13.194444444444445,24.0,12.0,0.0,Loss
2.61,75.7,6.0,87.26790450928382,3.5609756097560976,30.0,11.0,0.0,Draw
0.55,24.3,3.0,60.33057851239669,9.676470588235293,48.0,20.0,0.0,Draw
1.44,63.3,6.0,82.64462809917356,5.056603773584905,42.0,11.0,50.0,Win
0.84,36.7,2.0,76.35327635327636,8.928571428571429,43.0,13.0,50.0,Loss
0.15,36.8,0.0,78.71794871794872,10.303571428571429,27.0,29.0,0.0,Loss
1.59,63.2,8.0,86.24813153961136,7.309523809523809,24.0,18.0,0.0,Win
1.16,56.1,5.0,77.36220472440945,5.685185185185185,41.0,13.0,50.0,Loss
1.21,43.9,7.0,77.1356783919598,6.894736842105263,36.0,21.0,50.0,Win
0.74,41.5,2.0,82.00455580865604,10.979166666666666,24.0,24.0,0.0,Loss
3.22,58.5,8.0,85.1373182552504,8.372093023255815,28.0,15.0,0.0,Win
1.16,46.0,4.0,82.98319327731093,11.463414634146341,31.0,10.0,50.0,Win
1.06,54.0,3.0,84.22939068100358,9.186046511627907,37.0,6.0,50.0,Loss
2.1,75.4,7.0,89.14431673052363,4.021739130434782,28.0,18.0,50.0,Draw
0.74,24.6,4.0,72.54901960784314,13.686274509803921,36.0,15.0,50.0,Draw
0.78,65.5,7.0,88.52459016393442,7.333333333333333,24.0,12.0,50.0,Win
1.11,34.5,3.0,74.78753541076487,12.375,31.0,17.0,50.0,Loss
0.39,43.7,1.0,77.67441860465117,9.058823529411764,32.0,19.0,50.0,Loss
0.64,56.3,2.0,83.39350180505414,7.4222222222222225,21.0,24.0,50.0,Win
0.24,39.2,1.0,82.3913043478261,13.891304347826088,37.0,9.0,0.0,Loss
1.14,60.8,8.0,89.49579831932773,9.717948717948717,28.0,11.0,0.0,Win
0.41,49.6,1.0,80.56112224448898,8.933333333333334,25.0,20.0,0.0,Loss
1.49,50.4,4.0,79.28994082840237,11.823529411764707,25.0,9.0,0.0,Win
0.97,40.8,1.0,81.32387706855792,7.514705882352941,49.0,19.0,50.0,Loss
1.26,59.2,3.0,83.08943089430895,7.818181818181818,37.0,7.0,50.0,Win
0.85,60.2,2.0,88.44827586206897,7.923076923076923,35.0,4.0,0.0,Draw
0.74,39.8,1.0,80.67885117493474,9.160714285714286,37.0,19.0,0.0,Draw
1.62,46.3,6.0,84.20038535645472,8.913793103448276,33.0,25.0,0.0,Loss
1.05,53.7,4.0,85.88039867109634,10.925,29.0,11.0,0.0,Win
0.71,49.3,3.0,83.19148936170212,9.418604651162791,21.0,22.0,0.0,Win
0.34,50.7,1.0,83.85093167701864,10.86111111111111,21.0,15.0,0.0,Loss
3.05,58.5,10.0,86.73469387755102,9.142857142857142,32.0,17.0,0.0,Win
0.38,41.5,3.0,80.43087971274686,11.147540983606557,50.0,11.0,0.0,Loss
1.43,61.1,7.0,88.79432624113474,13.107142857142858,21.0,7.0,0.0,Win
0.59,38.9,5.0,81.73719376391982,12.775510204081632,34.0,15.0,0.0,Loss
6.56,54.4,14.0,85.84070796460178,9.52,41.0,9.0,50.0,Draw
5.77,45.6,10.0,83.80281690140845,7.972602739726027,46.0,27.0,50.0,Draw
3.34,48.0,3.0,81.0,11.789473684210526,31.0,7.0,50.0,Win
0.4,52.0,1.0,82.65682656826569,9.204545454545455,31.0,13.0,50.0,Loss
1.39,57.7,4.0,83.22033898305085,9.205128205128204,29.0,10.0,0.0,Loss
0.35,42.3,2.0,83.10185185185185,8.927272727272728,32.0,23.0,0.0,Win
1.93,84.5,5.0,88.90063424947145,3.6153846153846154,23.0,3.0,50.0,Draw
0.82,15.5,0.0,54.33526011560693,14.254237288135593,25.0,34.0,50.0,Draw
1.73,56.6,5.0,76.73956262425448,3.9705882352941178,45.0,23.0,0.0,Loss
0.81,43.4,7.0,69.94818652849742,4.650602409638554,55.0,28.0,0.0,Win
0.45,38.7,2.0,80.99352051835854,11.709090909090909,33.0,22.0,0.0,Win
0.83,61.3,1.0,87.8581173260573,8.928571428571429,29.0,13.0,0.0,Loss
0.2,31.2,3.0,74.69135802469135,11.830188679245284,34.0,19.0,50.0,Loss
2.68,68.8,7.0,87.9382889200561,4.245614035087719,43.0,14.0,50.0,Win
1.95,68.8,6.0,83.6283185840708,5.394736842105263,27.0,11.0,0.0,Loss
0.29,31.2,1.0,66.77524429967427,9.14516129032258,46.0,16.0,0.0,Win
0.09,34.4,0.0,79.61956521739131,15.023809523809524,28.0,14.0,0.0,Loss
3.22,65.6,10.0,89.88603988603988,10.464285714285714,18.0,10.0,0.0,Win
1.04,33.3,4.0,58.63309352517986,7.589285714285714,48.0,8.0,0.0,Win
1.66,66.7,8.0,76.30161579892281,2.8596491228070176,48.0,9.0,0.0,Loss
1.39,65.5,4.0,88.46657929226737,7.684210526315789,23.0,15.0,0.0,Win
0.26,34.5,1.0,72.81795511221945,11.842105263157896,43.0,14.0,0.0,Loss
0.58,36.9,2.0,78.11550151975683,14.90625,24.0,8.0,0.0,Draw
1.56,63.1,4.0,84.7246891651865,5.354166666666667,38.0,10.0,0.0,Draw
0.31,49.9,3.0,80.71748878923766,7.829787234042553,36.0,11.0,50.0,Draw
1.5,50.1,7.0,82.14285714285714,9.473684210526315,31.0,7.0,50.0,Draw
0.67,47.3,1.0,79.59183673469387,11.483870967741936,22.0,9.0,50.0,Loss
1.71,52.7,3.0,81.65137614678899,7.8,30.0,10.0,50.0,Win
2.32,60.1,10.0,84.18079096045197,5.549019607843137,45.0,6.0,50.0,Win
0.05,39.9,1.0,80.16997167138811,7.706896551724138,45.0,13.0,50.0,Loss
0.68,36.6,4.0,67.08074534161491,7.566666666666666,51.0,9.0,50.0,Draw
1.02,63.4,1.0,81.50807899461401,5.142857142857143,36.0,6.0,50.0,Draw
2.37,45.5,3.0,76.19047619047619,6.409090909090909,37.0,7.0,50.0,Win
0.93,54.5,4.0,74.80106100795756,5.714285714285714,35.0,7.0,50.0,Loss
0.13,39.8,3.0,77.86259541984732,13.710526315789474,30.0,8.0,50.0,Loss
2.78,60.2,9.0,87.56302521008404,7.65,28.0,12.0,50.0,Win
0.62,65.8,3.0,82.174688057041,3.452830188679245,45.0,8.0,50.0,Win
0.83,34.2,3.0,62.88659793814433,10.976190476190476,32.0,10.0,50.0,Loss
2.4,59.8,8.0,82.09982788296041,8.162162162162161,31.0,6.0,50.0,Win
0.15,40.2,3.0,77.23785166240408,14.029411764705882,24.0,10.0,50.0,Loss
2.11,72.7,7.0,89.05547226386807,4.2926829268292686,35.0,6.0,50.0,Win
0.17,27.3,2.0,70.39999999999999,16.054054054054053,28.0,9.0,50.0,Loss
1.14,60.1,9.0,80.70796460176992,5.782608695652174,35.0,11.0,50.0,Win
0.51,39.9,4.0,70.93333333333334,8.290909090909091,45.0,10.0,50.0,Loss
1.14,40.4,3.0,72.42339832869081,8.46,39.0,11.0,50.0,Win
2.38,59.6,5.0,79.81132075471699,5.3061224489795915,42.0,7.0,50.0,Loss
0.94,58.7,5.0,78.63436123348018,5.0,39.0,5.0,50.0,Draw
0.31,41.3,3.0,68.96551724137932,5.758064516129032,55.0,7.0,50.0,Draw
0.47,51.6,2.0,72.3404255319149,7.90625,29.0,3.0,50.0,Loss
1.27,48.4,5.0,71.875,6.325581395348837,32.0,11.0,50.0,Win
0.69,45.8,6.0,82.70142180094787,7.962962962962963,39.0,15.0,50.0,Loss
3.75,54.2,7.0,86.0,9.432432432432432,29.0,8.0,50.0,Win
0.74,35.1,4.0,67.78523489932886,7.964912280701754,47.0,10.0,50.0,Loss
1.59,64.9,5.0,82.54545454545455,5.17948717948718,32.0,7.0,50.0,Win
0.58,50.1,4.0,70.6896551724138,6.326530612244898,37.0,12.0,50.0,Loss
0.91,49.9,2.0,76.5432098765432,7.552631578947368,36.0,2.0,50.0,Win
1.62,74.1,4.0,88.23529411764706,4.658536585365853,32.0,9.0,50.0,Draw
0.04,25.9,0.0,72.90076335877863,18.333333333333332,28.0,8.0,50.0,Draw
0.27,34.8,2.0,66.77631578947368,11.186046511627907,33.0,10.0,50.0,Win
1.44,65.2,6.0,84.53427065026362,4.951219512195122,27.0,14.0,50.0,Loss
2.18,52.7,5.0,81.06796116504854,8.794117647058824,30.0,4.0,50.0,Win
0.61,47.3,3.0,80.8108108108108,9.027027027027026,28.0,9.0,50.0,Loss
1.08,44.9,5.0,81.19180633147114,12.355555555555556,36.0,9.0,50.0,Win
0.97,55.1,5.0,84.24242424242424,7.147540983606557,49.0,12.0,50.0,Loss
6.21,51.0,10.0,71.76781002638522,5.808510638297872,33.0,14.0,50.0,Draw
4.65,49.0,9.0,75.0,8.242424242424242,24.0,9.0,50.0,Draw
0.75,60.2,3.0,81.83807439824945,4.604166666666667,39.0,9.0,50.0,Loss
1.17,39.8,3.0,73.17880794701986,9.121951219512194,34.0,7.0,50.0,Win
1.75,51.5,3.0,85.37549407114624,16.44,19.0,6.0,50.0,Win
0.72,48.5,2.0,86.16352201257862,14.89655172413793,18.0,11.0,50.0,Loss
4.55,39.8,6.0,70.92198581560284,7.104166666666667,40.0,8.0,50.0,Draw
3.81,60.2,7.0,80.04694835680752,4.25531914893617,35.0,12.0,50.0,Draw
1.36,54.3,7.0,80.35714285714286,7.944444444444445,26.0,10.0,50.0,Win
0.54,45.7,3.0,75.86206896551724,8.372093023255815,36.0,7.0,50.0,Loss
5.62,55.3,8.0,72.68907563025209,4.492063492063492,52.0,11.0,50.0,Draw
6.05,44.7,10.0,73.69791666666666,5.766666666666667,54.0,6.0,50.0,Draw
4.78,50.6,7.0,80.54862842892769,7.3023255813953485,35.0,8.0,50.0,Draw
4.52,49.4,7.0,80.10204081632652,9.787878787878787,26.0,7.0,50.0,Draw
0.7,56.5,3.0,79.49260042283298,6.425,30.0,10.0,50.0,Draw
0.45,43.5,4.0,70.6043956043956,7.230769230769231,45.0,7.0,50.0,Draw
2.9,62.8,5.0,87.45583038869258,8.03125,27.0,5.0,50.0,Win
0.17,37.2,0.0,76.71641791044776,11.511627906976743,41.0,2.0,50.0,Loss
0.73,72.8,4.0,83.7248322147651,5.541666666666667,22.0,2.0,60.0,Win
0.91,27.2,2.0,59.64125560538116,11.604651162790697,34.0,9.0,40.0,Loss
0.79,51.2,3.0,82.21757322175732,8.714285714285714,33.0,9.0,50.0,Loss
1.34,48.8,6.0,80.43956043956044,9.357142857142858,30.0,12.0,50.0,Win
3.54,64.9,8.0,90.1840490797546,11.153846153846153,16.0,10.0,40.0,Win
0.98,35.1,2.0,82.15297450424929,15.473684210526315,29.0,9.0,60.0,Loss
