match_id,team,opponent,xg,possession,shots_on_target,shots_total,passes_completed,pass_accuracy,ppda,tackles_successful,interceptions,clearances,fouls_committed,yellow_cards,corners,crosses_completed,aerial_duels_won_pct,errors_leading_to_shot,outcome
1,Qatar,Ecuador,0.3,47.0,0.0,5.0,377.0,80.38,35.83,10.0,2.0,18.0,15.0,0,1.0,8.0,51.85,0,Loss
1,Ecuador,Qatar,1.2,53.0,2.0,5.0,430.0,82.38,14.5,14.0,12.0,7.0,15.0,0,3.0,14.0,48.15,0,Win
2,England,IR Iran,2.1,77.0,7.0,13.0,740.0,88.31,8.1,13.0,7.0,4.0,9.0,0,8.0,21.0,50.0,0,Win
2,IR Iran,England,1.4,23.0,2.0,7.0,162.0,65.32,26.43,12.0,16.0,23.0,14.0,0,0.0,8.0,50.0,0,Loss
3,Senegal,Netherlands,0.9,46.0,4.0,15.0,333.0,77.99,16.12,14.0,10.0,32.0,13.0,0,6.0,19.0,52.38,0,Loss
3,Netherlands,Senegal,0.7,54.0,3.0,10.0,387.0,78.34,20.81,10.0,6.0,16.0,13.0,0,7.0,25.0,47.62,0,Win
4,United States,Wales,0.8,58.0,1.0,6.0,524.0,83.97,16.75,14.0,6.0,18.0,15.0,0,5.0,30.0,53.85,0,Draw
4,Wales,United States,1.5,42.0,2.0,6.0,335.0,75.11,20.15,18.0,8.0,31.0,10.0,0,3.0,14.0,46.15,0,Draw
5,Argentina,Saudi Arabia,2.2,69.0,5.0,14.0,546.0,82.85,7.5,17.0,9.0,11.0,7.0,0,9.0,23.0,69.57,0,Loss
5,Saudi Arabia,Argentina,0.1,31.0,2.0,3.0,195.0,66.33,17.06,18.0,14.0,26.0,21.0,0,2.0,10.0,30.43,0,Win
6,Denmark,Tunisia,1.4,61.0,5.0,11.0,533.0,82.13,13.39,12.0,11.0,12.0,9.0,0,11.0,25.0,60.61,0,Draw
6,Tunisia,Denmark,0.9,39.0,1.0,13.0,308.0,73.51,16.66,24.0,8.0,38.0,10.0,0,9.0,13.0,39.39,0,Draw
7,Mexico,Poland,0.7,60.0,4.0,11.0,436.0,79.71,12.14,16.0,5.0,19.0,14.0,0,6.0,33.0,47.06,0,Draw
7,Poland,Mexico,0.9,40.0,1.0,5.0,255.0,70.25,17.44,17.0,8.0,29.0,15.0,0,5.0,15.0,52.94,0,Draw
8,France,Australia,4.0,62.0,6.0,23.0,678.0,88.28,12.22,20.0,12.0,6.0,5.0,0,8.0,27.0,66.67,0,Win
8,Australia,France,0.5,38.0,1.0,4.0,391.0,82.66,30.82,13.0,9.0,23.0,11.0,0,1.0,6.0,33.33,0,Loss
9,Morocco,Croatia,0.4,36.0,2.0,8.0,298.0,77.6,17.09,21.0,13.0,21.0,16.0,0,0.0,8.0,53.85,0,Draw
9,Croatia,Morocco,0.5,64.0,1.0,5.0,581.0,83.84,11.04,17.0,10.0,11.0,11.0,0,5.0,18.0,46.15,0,Draw
10,Germany,Japan,3.1,74.0,8.0,25.0,727.0,86.96,14.57,11.0,3.0,4.0,6.0,0,6.0,25.0,63.64,0,Loss
10,Japan,Germany,1.5,26.0,4.0,12.0,204.0,68.46,20.77,29.0,6.0,38.0,14.0,0,6.0,11.0,36.36,0,Win
11,Spain,Costa Rica,3.5,81.0,7.0,16.0,1009.0,92.31,9.89,14.0,4.0,4.0,8.0,0,5.0,15.0,40.91,0,Win
11,Costa Rica,Spain,0.0,19.0,0.0,0.0,178.0,69.53,28.83,21.0,14.0,18.0,12.0,0,0.0,4.0,59.09,0,Loss
12,Belgium,Canada,0.8,53.0,3.0,9.0,451.0,82.6,17.82,19.0,3.0,29.0,11.0,0,4.0,7.0,53.33,0,Win
12,Canada,Belgium,2.4,47.0,2.0,21.0,392.0,80.82,25.06,13.0,5.0,4.0,14.0,0,4.0,19.0,46.67,0,Loss
13,Switzerland,Cameroon,1.4,51.0,3.0,7.0,455.0,81.54,24.56,15.0,3.0,20.0,12.0,0,11.0,20.0,53.85,0,Win
13,Cameroon,Switzerland,0.7,49.0,5.0,8.0,442.0,82.31,19.78,12.0,11.0,17.0,10.0,0,5.0,23.0,46.15,0,Loss
14,Uruguay,Korea Republic,0.6,56.0,1.0,10.0,475.0,81.2,13.46,16.0,10.0,20.0,7.0,0,4.0,13.0,54.35,0,Draw
14,Korea Republic,Uruguay,0.6,44.0,0.0,7.0,350.0,74.95,21.59,12.0,10.0,16.0,10.0,0,3.0,19.0,45.65,0,Draw
15,Portugal,Ghana,2.0,62.0,4.0,10.0,572.0,86.67,15.62,16.0,5.0,15.0,14.0,0,3.0,20.0,73.08,0,Win
15,Ghana,Portugal,0.9,38.0,3.0,9.0,328.0,79.42,28.6,14.0,6.0,17.0,19.0,0,3.0,11.0,26.92,0,Loss
16,Brazil,Serbia,2.4,59.0,9.0,23.0,534.0,85.03,18.11,17.0,2.0,16.0,7.0,0,6.0,17.0,42.11,0,Win
16,Serbia,Brazil,0.2,41.0,0.0,5.0,344.0,78.36,15.26,24.0,11.0,22.0,12.0,0,4.0,13.0,57.89,0,Loss
17,Wales,IR Iran,0.9,62.0,3.0,10.0,437.0,76.94,13.88,10.0,6.0,30.0,9.0,0,2.0,20.0,58.33,0,Loss
17,IR Iran,Wales,1.4,38.0,6.0,21.0,222.0,63.43,13.24,19.0,14.0,20.0,10.0,0,7.0,24.0,41.67,0,Win
18,Qatar,Senegal,1.0,45.0,3.0,10.0,333.0,79.86,17.65,16.0,10.0,16.0,7.0,0,6.0,20.0,44.44,0,Loss
18,Senegal,Qatar,0.8,55.0,5.0,13.0,459.0,83.76,25.62,8.0,5.0,18.0,12.0,0,6.0,18.0,55.56,0,Win
19,Netherlands,Ecuador,0.1,54.0,1.0,2.0,442.0,81.55,10.53,25.0,9.0,23.0,15.0,0,2.0,7.0,54.55,0,Draw
19,Ecuador,Netherlands,1.7,46.0,4.0,15.0,358.0,76.5,17.68,16.0,9.0,16.0,12.0,0,5.0,22.0,45.45,0,Draw
20,England,United States,0.8,55.0,3.0,8.0,495.0,85.79,21.0,9.0,9.0,21.0,9.0,0,3.0,14.0,52.38,0,Draw
20,United States,England,0.6,45.0,1.0,10.0,378.0,81.64,33.0,12.0,3.0,15.0,15.0,0,7.0,16.0,47.62,0,Draw
21,Tunisia,Australia,0.9,59.0,4.0,14.0,418.0,73.98,10.15,18.0,8.0,24.0,16.0,0,5.0,25.0,52.0,0,Loss
21,Australia,Tunisia,0.6,41.0,2.0,9.0,264.0,66.33,13.93,19.0,11.0,38.0,15.0,0,2.0,21.0,48.0,0,Win
22,Poland,Saudi Arabia,1.6,37.0,3.0,9.0,249.0,73.89,21.95,13.0,9.0,29.0,18.0,0,4.0,16.0,42.86,0,Win
22,Saudi Arabia,Poland,1.7,63.0,4.0,15.0,483.0,82.99,10.83,14.0,9.0,13.0,15.0,0,5.0,20.0,57.14,0,Loss
23,France,Denmark,2.4,49.0,6.0,21.0,455.0,84.42,16.17,20.0,10.0,15.0,4.0,0,6.0,20.0,39.13,0,Win
23,Denmark,France,0.6,51.0,2.0,10.0,485.0,84.79,18.96,19.0,5.0,18.0,9.0,0,4.0,16.0,60.87,0,Loss
24,Argentina,Mexico,0.3,58.0,2.0,5.0,471.0,82.92,14.48,14.0,7.0,18.0,15.0,0,4.0,13.0,51.72,0,Win
24,Mexico,Argentina,0.3,42.0,1.0,4.0,304.0,74.33,15.19,18.0,13.0,17.0,19.0,0,2.0,15.0,48.28,0,Loss
25,Japan,Costa Rica,0.9,57.0,3.0,13.0,528.0,85.3,17.67,17.0,4.0,7.0,22.0,0,5.0,14.0,48.0,0,Loss
25,Costa Rica,Japan,0.1,43.0,1.0,4.0,371.0,78.44,15.53,25.0,9.0,20.0,9.0,0,0.0,6.0,52.0,0,Win
26,Belgium,Morocco,1.0,67.0,3.0,10.0,602.0,85.88,13.05,15.0,7.0,5.0,10.0,0,9.0,22.0,57.69,0,Loss
26,Morocco,Belgium,1.5,33.0,4.0,10.0,287.0,81.77,19.42,22.0,9.0,24.0,14.0,0,1.0,8.0,42.31,0,Win
27,Croatia,Canada,2.6,49.0,10.0,13.0,402.0,80.72,12.43,25.0,10.0,19.0,13.0,0,5.0,21.0,31.58,0,Win
27,Canada,Croatia,0.4,51.0,2.0,8.0,435.0,82.39,19.14,15.0,6.0,29.0,5.0,0,2.0,16.0,68.42,0,Loss
28,Spain,Germany,0.6,64.0,3.0,7.0,569.0,84.93,11.48,17.0,8.0,13.0,13.0,0,6.0,6.0,60.0,0,Draw
28,Germany,Spain,1.3,36.0,4.0,11.0,287.0,75.33,13.55,29.0,13.0,12.0,11.0,0,5.0,11.0,40.0,0,Draw
29,Cameroon,Serbia,2.2,41.0,8.0,13.0,271.0,69.49,16.19,8.0,19.0,22.0,8.0,0,4.0,19.0,53.57,0,Draw
29,Serbia,Cameroon,1.9,59.0,5.0,15.0,437.0,78.6,12.9,16.0,5.0,18.0,13.0,0,3.0,21.0,46.43,0,Draw
30,Korea Republic,Ghana,1.8,63.0,6.0,22.0,494.0,82.2,15.88,15.0,2.0,19.0,13.0,0,12.0,46.0,55.0,0,Loss
30,Ghana,Korea Republic,1.6,37.0,3.0,7.0,270.0,76.92,21.48,17.0,6.0,50.0,9.0,0,5.0,15.0,45.0,0,Win
31,Brazil,Switzerland,1.0,54.0,5.0,13.0,511.0,84.6,13.65,21.0,10.0,9.0,10.0,0,8.0,25.0,61.54,0,Win
31,Switzerland,Brazil,0.3,46.0,0.0,6.0,423.0,81.82,23.23,18.0,4.0,26.0,17.0,0,3.0,9.0,38.46,0,Loss
32,Portugal,Uruguay,1.3,59.0,2.0,14.0,525.0,81.65,18.53,10.0,7.0,17.0,10.0,0,6.0,15.0,68.18,0,Win
32,Uruguay,Portugal,1.3,41.0,3.0,11.0,315.0,71.92,21.88,12.0,12.0,12.0,16.0,0,2.0,17.0,31.82,0,Loss
33,Ecuador,Senegal,0.9,61.0,4.0,9.0,365.0,75.73,9.23,15.0,7.0,19.0,23.0,0,3.0,21.0,55.26,0,Loss
33,Senegal,Ecuador,2.1,39.0,2.0,13.0,203.0,65.06,18.25,10.0,10.0,29.0,11.0,0,6.0,21.0,44.74,0,Win
34,Netherlands,Qatar,1.6,63.0,4.0,13.0,739.0,90.79,14.0,16.0,10.0,11.0,19.0,0,4.0,6.0,58.82,0,Win
34,Qatar,Netherlands,0.1,37.0,3.0,5.0,364.0,80.71,35.19,9.0,12.0,9.0,9.0,0,2.0,14.0,41.18,0,Loss
35,Wales,England,0.3,36.0,1.0,7.0,272.0,77.27,28.68,12.0,7.0,17.0,16.0,0,1.0,2.0,42.86,0,Loss
35,England,Wales,2.4,64.0,7.0,18.0,545.0,87.06,24.73,6.0,5.0,7.0,9.0,0,6.0,14.0,57.14,0,Win
36,IR Iran,United States,0.4,49.0,0.0,4.0,385.0,75.79,12.26,22.0,12.0,18.0,14.0,0,1.0,16.0,50.0,0,Loss
36,United States,IR Iran,1.2,51.0,5.0,12.0,417.0,79.58,22.65,12.0,5.0,21.0,10.0,0,5.0,20.0,50.0,0,Win
37,Australia,Denmark,0.6,32.0,4.0,8.0,215.0,61.78,21.48,15.0,12.0,33.0,11.0,0,2.0,11.0,60.47,0,Win
37,Denmark,Australia,0.6,68.0,3.0,13.0,580.0,80.22,11.94,11.0,7.0,19.0,10.0,0,6.0,26.0,39.53,0,Loss
38,Tunisia,France,0.5,35.0,3.0,5.0,272.0,73.91,18.48,22.0,9.0,23.0,14.0,0,7.0,23.0,40.91,0,Win
38,France,Tunisia,0.8,65.0,3.0,10.0,573.0,84.76,5.44,37.0,13.0,21.0,6.0,0,8.0,19.0,59.09,0,Loss
39,Saudi Arabia,Mexico,1.1,40.0,2.0,10.0,192.0,58.36,15.52,15.0,8.0,28.0,20.0,0,1.0,9.0,50.0,0,Loss
39,Mexico,Saudi Arabia,2.3,60.0,10.0,26.0,357.0,72.27,8.35,16.0,7.0,12.0,18.0,0,8.0,31.0,50.0,0,Win
40,Poland,Argentina,0.3,27.0,0.0,4.0,264.0,77.42,34.46,17.0,7.0,29.0,6.0,0,1.0,5.0,36.84,0,Loss
40,Argentina,Poland,3.5,73.0,10.0,22.0,827.0,90.78,14.67,13.0,5.0,9.0,11.0,0,9.0,18.0,63.16,0,Win
41,Canada,Morocco,1.4,58.0,0.0,5.0,480.0,83.77,15.45,13.0,7.0,8.0,14.0,0,6.0,19.0,58.82,0,Loss
41,Morocco,Canada,0.5,42.0,2.0,6.0,309.0,76.49,13.71,23.0,12.0,22.0,14.0,0,2.0,8.0,41.18,0,Win
42,Croatia,Belgium,0.7,49.0,4.0,11.0,508.0,82.47,36.33,9.0,6.0,24.0,7.0,0,2.0,21.0,50.0,0,Draw
42,Belgium,Croatia,3.0,51.0,3.0,16.0,545.0,85.42,24.19,14.0,7.0,25.0,9.0,0,4.0,24.0,50.0,0,Draw
43,Japan,Spain,1.4,18.0,3.0,6.0,165.0,67.35,35.54,11.0,17.0,26.0,9.0,0,0.0,2.0,52.63,0,Win
43,Spain,Japan,1.0,82.0,5.0,12.0,995.0,89.96,11.79,11.0,3.0,5.0,6.0,0,2.0,22.0,47.37,0,Loss
44,Costa Rica,Germany,1.3,32.0,6.0,8.0,274.0,73.66,23.17,21.0,8.0,45.0,3.0,0,1.0,11.0,57.14,0,Loss
44,Germany,Costa Rica,5.7,68.0,11.0,32.0,672.0,86.93,18.27,10.0,5.0,8.0,9.0,0,14.0,32.0,42.86,0,Win
45,Ghana,Uruguay,1.6,51.0,3.0,9.0,374.0,76.02,12.17,23.0,7.0,17.0,18.0,0,5.0,23.0,34.38,0,Loss
45,Uruguay,Ghana,1.8,49.0,6.0,12.0,365.0,76.84,11.33,23.0,10.0,22.0,11.0,0,2.0,11.0,65.62,0,Win
46,Korea Republic,Portugal,1.7,39.0,6.0,13.0,301.0,76.98,28.0,11.0,8.0,20.0,9.0,0,5.0,13.0,65.38,0,Win
46,Portugal,Korea Republic,1.3,61.0,6.0,13.0,532.0,85.39,16.72,12.0,6.0,12.0,10.0,0,4.0,18.0,34.62,0,Loss
47,Serbia,Switzerland,1.3,54.0,4.0,12.0,400.0,77.07,18.05,13.0,6.0,9.0,18.0,0,2.0,22.0,55.88,0,Loss
47,Switzerland,Serbia,2.7,46.0,7.0,14.0,343.0,76.05,18.18,10.0,12.0,18.0,14.0,0,0.0,8.0,44.12,0,Win
48,Cameroon,Brazil,0.5,35.0,3.0,7.0,247.0,76.0,15.84,22.0,10.0,32.0,14.0,0,3.0,11.0,62.5,0,Win
48,Brazil,Cameroon,2.5,65.0,7.0,21.0,507.0,85.35,11.23,19.0,3.0,12.0,14.0,0,11.0,27.0,37.5,0,Loss
49,Netherlands,United States,1.7,42.0,6.0,11.0,332.0,75.11,14.62,22.0,12.0,30.0,10.0,0,4.0,8.0,52.17,0,Win
49,United States,Netherlands,1.5,58.0,6.0,17.0,497.0,79.78,13.28,14.0,11.0,12.0,5.0,0,5.0,27.0,47.83,0,Loss
50,Argentina,Australia,1.6,60.0,5.0,14.0,635.0,87.11,17.45,15.0,7.0,20.0,8.0,0,1.0,5.0,48.15,0,Win
50,Australia,Argentina,0.6,40.0,1.0,5.0,384.0,80.5,33.42,11.0,8.0,10.0,15.0,0,3.0,16.0,51.85,0,Loss
51,France,Poland,1.4,55.0,8.0,16.0,501.0,83.36,20.05,11.0,9.0,10.0,10.0,0,7.0,25.0,52.17,0,Win
51,Poland,France,1.7,45.0,1.0,11.0,401.0,81.84,21.78,17.0,6.0,23.0,8.0,0,1.0,16.0,47.83,0,Loss
52,England,Senegal,1.0,61.0,4.0,8.0,532.0,84.85,10.5,21.0,9.0,10.0,16.0,0,3.0,15.0,33.33,0,Win
52,Senegal,England,0.8,39.0,1.0,10.0,315.0,78.75,31.29,11.0,6.0,17.0,12.0,0,3.0,13.0,66.67,0,Loss
53,Japan,Croatia,1.2,42.0,4.0,13.0,427.0,72.62,32.5,13.0,7.0,30.0,13.0,0,8.0,28.0,43.1,0,Draw
53,Croatia,Japan,1.4,58.0,4.0,17.0,650.0,81.15,22.47,14.0,5.0,32.0,16.0,0,5.0,35.0,56.9,0,Draw
54,Brazil,Korea Republic,3.6,53.0,8.0,17.0,560.0,87.64,17.56,15.0,12.0,10.0,8.0,0,5.0,13.0,36.84,0,Win
54,Korea Republic,Brazil,0.5,47.0,6.0,8.0,474.0,84.19,17.5,21.0,11.0,11.0,13.0,0,4.0,14.0,63.16,0,Loss
55,Morocco,Spain,0.7,24.0,2.0,6.0,241.0,68.47,28.5,26.0,8.0,41.0,15.0,0,0.0,11.0,41.67,0,Draw
55,Spain,Morocco,1.0,76.0,1.0,13.0,969.0,89.06,16.07,11.0,4.0,15.0,14.0,0,8.0,26.0,58.33,0,Draw
56,Portugal,Switzerland,2.3,47.0,9.0,15.0,395.0,81.44,18.42,16.0,8.0,11.0,12.0,0,6.0,14.0,47.62,0,Win
56,Switzerland,Portugal,1.2,53.0,2.0,10.0,442.0,82.31,39.5,5.0,5.0,14.0,10.0,0,6.0,15.0,52.38,0,Loss
57,Croatia,Brazil,0.6,50.0,1.0,9.0,636.0,85.83,17.24,28.0,9.0,32.0,22.0,0,3.0,24.0,54.17,0,Draw
57,Brazil,Croatia,2.5,50.0,11.0,21.0,638.0,86.45,21.93,16.0,13.0,16.0,24.0,0,7.0,24.0,45.83,0,Draw
58,Netherlands,Argentina,0.6,52.0,2.0,6.0,572.0,81.6,15.94,18.0,15.0,17.0,30.0,0,2.0,25.0,61.29,0,Draw
58,Argentina,Netherlands,1.9,48.0,4.0,13.0,526.0,81.93,22.88,19.0,6.0,20.0,18.0,0,8.0,12.0,38.71,0,Draw
59,Morocco,Portugal,1.4,27.0,3.0,9.0,187.0,69.78,28.86,12.0,9.0,36.0,15.0,0,3.0,7.0,45.83,0,Win
59,Portugal,Morocco,0.9,73.0,3.0,12.0,606.0,82.9,8.9,12.0,9.0,3.0,9.0,0,9.0,35.0,54.17,0,Loss
60,England,France,2.4,57.0,6.0,14.0,463.0,85.27,13.54,16.0,8.0,13.0,10.0,0,5.0,18.0,48.65,0,Loss
60,France,England,0.9,43.0,5.0,8.0,325.0,79.46,30.87,10.0,5.0,16.0,14.0,0,2.0,11.0,51.35,0,Win
61,Argentina,Croatia,2.3,40.0,6.0,8.0,352.0,82.44,18.6,22.0,8.0,22.0,15.0,0,2.0,6.0,46.15,0,Win
61,Croatia,Argentina,0.5,60.0,2.0,12.0,558.0,85.45,14.67,19.0,5.0,6.0,8.0,0,4.0,20.0,53.85,0,Loss
62,France,Morocco,1.9,39.0,2.0,14.0,309.0,79.03,12.61,22.0,19.0,16.0,10.0,0,2.0,6.0,60.0,0,Win
62,Morocco,France,0.9,61.0,2.0,13.0,517.0,84.89,13.43,15.0,8.0,3.0,11.0,0,3.0,15.0,40.0,0,Loss
63,Croatia,Morocco,0.7,50.0,4.0,12.0,431.0,82.73,15.25,20.0,8.0,19.0,13.0,0,6.0,14.0,42.86,0,Win
63,Morocco,Croatia,1.2,50.0,2.0,9.0,427.0,83.07,21.55,10.0,10.0,16.0,11.0,0,3.0,18.0,57.14,0,Loss
64,Argentina,France,3.3,54.0,9.0,19.0,554.0,80.41,13.27,23.0,10.0,24.0,26.0,0,6.0,17.0,29.03,0,Draw
64,France,Argentina,2.2,46.0,3.0,8.0,438.0,74.87,15.39,26.0,10.0,18.0,19.0,0,5.0,24.0,70.97,0,Draw
