match,tournament,score,home_team,away_team,home_xg,away_xg,home_possession,away_possession,home_sot,away_sot,home_total_shots,away_total_shots,home_completed_passes,away_completed_passes,home_attempted_pases,away_attempted_pases,home_tackles,away_tackles,home_interceptions,away_interceptions,home_clearances,away_clearances,home_fouls,away_fouls,home_corners,away_corners,home_crosses,away_crosses,home_aerials_won,away_aerials_won
Canada vs Morocco,World Cup 2022,1-2,Canada,Morocco,1.1,0.43,58.8,41.2,1,2,5,7,480,310,562,393,21,42,10,13,10,10,10,10,5,5,10,10,1,1
England vs Iran,World Cup 2022,6-2,England,Iran,1.99,1.46,77.4,22.6,8,2,13,8,746,163,846,247,30,25,6,21,10,10,10,10,5,5,10,10,0,0
Croatia vs Belgium,World Cup 2022,0-0,Croatia,Belgium,0.7,2.38,49.2,50.8,4,4,11,16,514,543,609,630,22,24,12,12,10,10,10,10,5,5,10,10,4,4
Netherlands vs Ecuador,World Cup 2022,1-1,Netherlands,Ecuador,0.1,1.65,54.4,45.6,1,5,2,15,457,359,552,463,49,45,5,15,10,10,10,10,5,5,10,10,2,2
Japan vs Spain,World Cup 2022,2-1,Japan,Spain,1.16,0.86,18.8,81.2,3,5,6,12,177,993,253,1093,27,28,14,9,10,10,10,10,5,5,10,10,2,2
England vs United States,World Cup 2022,0-0,England,United States,0.46,0.51,56.1,43.9,3,2,8,10,500,377,582,456,19,36,7,4,10,10,10,10,5,5,10,10,0,0
Iran vs United States,World Cup 2022,0-1,Iran,United States,0.92,1.17,49.9,50.1,1,5,4,12,402,426,515,517,41,37,11,8,10,10,10,10,5,5,10,10,1,1
Morocco vs Croatia,World Cup 2022,0-0,Morocco,Croatia,0.36,0.85,35.9,64.1,2,1,8,5,301,577,384,686,36,37,15,12,10,10,10,10,5,5,10,10,6,6
Wales vs Iran,World Cup 2022,0-2,Wales,Iran,0.62,1.45,60.6,39.4,3,8,10,21,438,227,559,363,26,44,10,15,10,10,10,10,5,5,10,10,4,4
Tunisia vs France,World Cup 2022,1-0,Tunisia,France,0.3,0.48,35.3,64.7,3,3,5,10,275,564,361,661,44,42,13,12,10,10,10,10,5,5,10,10,4,4
Wales vs England,World Cup 2022,0-3,Wales,England,0.21,2.92,35.8,64.2,1,8,7,18,274,553,351,630,34,20,4,9,10,10,10,10,5,5,10,10,1,1
Switzerland vs Cameroon,World Cup 2022,1-0,Switzerland,Cameroon,1.43,0.61,50.7,49.3,3,5,7,8,461,440,549,533,29,33,8,15,10,10,10,10,5,5,10,10,4,4
Portugal vs Ghana,World Cup 2022,3-2,Portugal,Ghana,2.1,0.78,61.6,38.4,5,3,11,9,576,336,665,415,31,47,3,12,10,10,10,10,5,5,10,10,1,1
Senegal vs Netherlands,World Cup 2022,0-2,Senegal,Netherlands,0.69,1.12,46.7,53.3,4,3,15,10,344,393,430,491,35,29,9,11,10,10,10,10,5,5,10,10,0,0
United States vs Wales,World Cup 2022,1-1,United States,Wales,0.6,1.4,57.9,42.1,2,3,6,7,520,339,610,443,32,40,13,10,10,10,10,10,5,5,10,10,1,1
Poland vs Saudi Arabia,World Cup 2022,2-0,Poland,Saudi Arabia,1.73,1.97,36.7,63.3,5,5,9,17,259,489,337,582,31,38,12,5,10,10,10,10,5,5,10,10,1,1
Netherlands vs Qatar,World Cup 2022,2-0,Netherlands,Qatar,1.71,0.14,63.1,36.9,5,3,13,5,747,396,832,486,25,26,4,12,10,10,10,10,5,5,10,10,4,5
France vs Denmark,World Cup 2022,2-1,France,Denmark,1.93,0.89,48.8,51.2,6,3,21,10,464,479,540,567,41,41,15,11,10,10,10,10,5,5,10,10,1,1
Germany vs Japan,World Cup 2022,1-2,Germany,Japan,2.77,1.25,73.8,26.2,11,4,26,12,723,215,826,294,29,48,3,8,10,10,10,10,5,5,10,10,2,2
Denmark vs Tunisia,World Cup 2022,0-0,Denmark,Tunisia,1.57,1.06,60.8,39.2,6,1,11,13,544,315,646,417,30,46,10,12,10,10,10,10,5,5,10,10,0,0
Mexico vs Poland,World Cup 2022,0-0,Mexico,Poland,0.53,1.14,60.0,40.0,4,2,11,6,437,259,544,362,43,31,8,8,10,10,10,10,5,5,10,10,2,2
Qatar vs Senegal,World Cup 2022,1-3,Qatar,Senegal,0.96,0.9,45.2,54.8,3,4,10,12,362,462,452,547,34,23,10,6,10,10,10,10,5,5,10,10,3,3
Belgium vs Canada,World Cup 2022,1-0,Belgium,Canada,0.67,2.55,52.7,47.3,3,3,9,22,451,401,534,480,29,22,9,12,10,10,10,10,5,5,10,10,3,3
Brazil vs Switzerland,World Cup 2022,1-0,Brazil,Switzerland,0.92,0.29,53.8,46.2,5,0,13,6,507,428,597,513,32,33,14,8,10,10,10,10,5,5,10,10,1,1
Netherlands vs Argentina,World Cup 2022,2-2,Netherlands,Argentina,4.49,5.86,51.9,48.1,7,10,12,19,572,531,691,640,33,43,24,10,10,10,10,10,5,5,10,10,2,2
Costa Rica vs Germany,World Cup 2022,2-4,Costa Rica,Germany,1.03,4.32,32.8,67.2,5,14,7,31,284,669,374,766,38,28,15,11,10,10,10,10,5,5,10,10,1,1
Japan vs Costa Rica,World Cup 2022,0-1,Japan,Costa Rica,0.77,0.2,56.8,43.2,3,1,13,4,527,374,619,470,26,37,8,12,10,10,10,10,5,5,10,10,5,6
Argentina vs France,World Cup 2022,3-3,Argentina,France,5.89,5.41,54.9,45.1,14,8,24,14,560,434,693,570,50,48,13,15,10,10,10,10,5,5,10,10,4,4
Croatia vs Morocco,World Cup 2022,2-1,Croatia,Morocco,0.85,0.99,50.8,49.2,4,2,12,9,439,431,528,512,26,25,8,16,10,10,10,10,5,5,10,10,0,0
Serbia vs Switzerland,World Cup 2022,2-3,Serbia,Switzerland,1.19,3.1,53.9,46.1,5,7,12,14,407,346,521,445,34,34,5,18,10,10,10,10,5,5,10,10,0,0
Argentina vs Australia,World Cup 2022,2-1,Argentina,Australia,1.48,0.43,60.4,39.6,5,1,14,5,646,384,728,478,33,30,16,9,10,10,10,10,5,5,10,10,0,0
Australia vs Denmark,World Cup 2022,1-0,Australia,Denmark,0.47,0.74,32.9,67.1,4,4,8,14,219,590,350,715,40,50,11,12,10,10,10,10,5,5,10,10,1,1
Brazil vs Serbia,World Cup 2022,2-0,Brazil,Serbia,2.12,0.16,58.1,41.9,11,0,23,5,539,351,618,446,39,33,8,11,10,10,10,10,5,5,10,10,1,1
Tunisia vs Australia,World Cup 2022,0-1,Tunisia,Australia,1.05,0.36,57.6,42.4,4,2,14,9,406,274,548,404,53,53,8,11,10,10,10,10,5,5,10,10,8,7
Ecuador vs Senegal,World Cup 2022,1-2,Ecuador,Senegal,1.0,1.71,59.9,40.1,4,3,9,13,362,213,465,311,39,31,9,7,10,10,10,10,5,5,10,10,0,0
Uruguay vs South Korea,World Cup 2022,0-0,Uruguay,South Korea,0.42,0.49,55.2,44.8,3,0,10,7,475,351,570,463,40,47,17,13,10,10,10,10,5,5,10,10,0,0
Morocco vs Portugal,World Cup 2022,1-0,Morocco,Portugal,0.97,0.74,25.4,74.6,3,4,9,12,184,616,249,731,28,26,15,4,10,10,10,10,5,5,10,10,0,0
Saudi Arabia vs Mexico,World Cup 2022,1-2,Saudi Arabia,Mexico,1.08,2.32,39.8,60.2,2,10,10,26,194,367,322,488,37,34,15,15,10,10,10,10,5,5,10,10,1,1
Poland vs Argentina,World Cup 2022,0-2,Poland,Argentina,0.2,3.08,27.0,73.0,0,13,4,24,267,826,337,909,32,27,10,7,10,10,10,10,5,5,10,10,0,0
Argentina vs Mexico,World Cup 2022,2-0,Argentina,Mexico,0.33,0.21,58.5,41.5,2,1,5,4,476,304,567,403,38,39,5,16,10,10,10,10,5,5,10,10,5,4
Portugal vs Switzerland,World Cup 2022,6-1,Portugal,Switzerland,2.28,1.27,48.0,52.0,9,3,15,10,404,438,488,528,28,20,10,9,10,10,10,10,5,5,10,10,0,0
England vs Senegal,World Cup 2022,3-0,England,Senegal,1.02,0.97,60.5,39.5,4,1,8,10,536,323,626,408,36,25,15,9,10,10,10,10,5,5,10,10,2,2
Argentina vs Croatia,World Cup 2022,3-0,Argentina,Croatia,1.86,0.41,40.0,60.0,7,2,9,12,358,559,432,648,34,29,8,12,10,10,10,10,5,5,10,10,3,3
England vs France,World Cup 2022,1-2,England,France,2.35,0.84,57.3,42.7,8,5,16,8,465,328,554,412,43,31,9,7,10,10,10,10,5,5,10,10,1,1
France vs Morocco,World Cup 2022,2-0,France,Morocco,2.0,1.23,38.6,61.4,3,1,14,13,316,529,387,615,33,38,20,4,10,10,10,10,5,5,10,10,2,2
Croatia vs Brazil,World Cup 2022,1-1,Croatia,Brazil,3.77,4.95,49.7,50.3,5,15,13,24,639,652,737,747,48,36,14,8,10,10,10,10,5,5,10,10,2,2
Morocco vs Spain,World Cup 2022,0-0,Morocco,Spain,3.7,2.85,25.5,74.5,6,5,10,15,250,960,365,1068,41,29,18,9,10,10,10,10,5,5,10,10,0,0
Japan vs Croatia,World Cup 2022,1-1,Japan,Croatia,4.2,3.99,42.2,57.8,8,8,17,21,436,657,582,796,51,41,21,10,10,10,10,10,5,5,10,10,2,2
Brazil vs South Korea,World Cup 2022,4-1,Brazil,South Korea,3.26,0.34,53.6,46.4,10,6,18,8,566,476,641,555,32,27,8,22,10,10,10,10,5,5,10,10,3,3
France vs Poland,World Cup 2022,3-1,France,Poland,1.13,1.59,54.9,45.1,8,2,16,12,505,406,593,488,21,38,15,8,10,10,10,10,5,5,10,10,0,0
Netherlands vs United States,World Cup 2022,3-1,Netherlands,United States,1.48,1.65,41.5,58.5,6,6,11,18,332,499,439,618,39,31,7,15,10,10,10,10,5,5,10,10,1,1
Portugal vs Uruguay,World Cup 2022,2-0,Portugal,Uruguay,1.21,1.22,58.8,41.2,4,4,15,11,525,324,626,438,26,31,7,9,10,10,10,10,5,5,10,10,0,0
Spain vs Germany,World Cup 2022,1-1,Spain,Germany,0.64,1.15,64.1,35.9,2,4,7,11,578,291,663,371,22,40,12,19,10,10,10,10,5,5,10,10,2,2
Cameroon vs Serbia,World Cup 2022,3-3,Cameroon,Serbia,2.07,1.74,42.4,57.6,8,6,13,15,276,428,395,536,31,37,20,9,10,10,10,10,5,5,10,10,3,3
Belgium vs Morocco,World Cup 2022,0-2,Belgium,Morocco,0.64,0.99,67.0,33.0,4,4,10,10,604,287,703,347,33,35,2,8,10,10,10,10,5,5,10,10,4,4
Qatar vs Ecuador,World Cup 2022,0-2,Qatar,Ecuador,0.3,1.15,47.4,52.6,0,3,5,6,382,432,468,519,24,33,5,8,10,10,10,10,5,5,10,10,1,1
Argentina vs Saudi Arabia,World Cup 2022,1-2,Argentina,Saudi Arabia,2.49,0.15,69.3,30.7,6,2,15,3,542,197,646,286,23,38,11,21,10,10,10,10,5,5,10,10,9,9
South Korea vs Ghana,World Cup 2022,2-3,South Korea,Ghana,1.37,1.18,64.0,36.0,6,3,21,7,499,266,605,340,35,45,5,9,10,10,10,10,5,5,10,10,2,2
Ghana vs Uruguay,World Cup 2022,0-2,Ghana,Uruguay,1.39,1.64,51.2,48.8,4,6,9,12,384,364,493,469,51,44,6,10,10,10,10,10,5,5,10,10,1,1
Spain vs Costa Rica,World Cup 2022,7-0,Spain,Costa Rica,2.76,0.0,81.3,18.7,8,0,17,0,1009,172,1090,250,29,38,7,9,10,10,10,10,5,5,10,10,0,0
Croatia vs Canada,World Cup 2022,4-1,Croatia,Canada,2.61,0.29,48.9,51.1,10,2,13,8,411,437,507,529,45,22,17,10,10,10,10,10,5,5,10,10,1,1
Cameroon vs Brazil,World Cup 2022,1-0,Cameroon,Brazil,0.38,2.38,36.0,64.0,3,8,7,21,254,512,333,593,29,34,11,4,10,10,10,10,5,5,10,10,0,0
France vs Australia,World Cup 2022,4-1,France,Australia,3.17,0.32,61.6,38.4,6,2,23,4,680,394,763,475,28,29,11,11,10,10,10,10,5,5,10,10,3,3
South Korea vs Portugal,World Cup 2022,2-1,South Korea,Portugal,1.4,0.97,38.5,61.5,6,6,12,13,309,534,388,619,23,35,7,6,10,10,10,10,5,5,10,10,0,0
Brazil vs Belgium,World Cup 2018,1-2,Brazil,Belgium,2.61,0.41,58.0,42.0,10,3,25,8,459,310,532,385,22,22,9,3,10,10,10,10,5,5,10,10,0,0
Belgium vs Japan,World Cup 2018,3-2,Belgium,Japan,2.92,0.69,57.5,42.5,8,4,28,12,524,363,618,457,14,20,5,12,10,10,10,10,5,5,10,10,0,0
England vs Panama,World Cup 2018,6-1,England,Panama,3.17,1.08,59.9,40.1,7,2,11,8,552,349,607,406,16,23,5,7,10,10,10,10,5,5,10,10,0,0
Poland vs Senegal,World Cup 2018,1-2,Poland,Senegal,1.04,1.43,60.5,39.5,3,1,10,7,482,286,585,382,17,21,11,18,10,10,10,10,5,5,10,10,0,0
Serbia vs Switzerland,World Cup 2018,1-2,Serbia,Switzerland,1.15,1.56,38.5,61.5,3,6,12,19,263,467,347,554,32,28,13,8,10,10,10,10,5,5,10,10,0,0
Sweden vs South Korea,World Cup 2018,1-0,Sweden,South Korea,2.02,0.41,55.5,44.5,4,0,16,5,371,289,477,382,28,26,7,8,10,10,10,10,5,5,10,10,0,0
Germany vs Mexico,World Cup 2018,0-1,Germany,Mexico,2.3,0.99,65.6,34.4,9,4,26,12,521,247,619,324,22,26,6,17,10,10,10,10,5,5,10,10,1,1
Iran vs Spain,World Cup 2018,0-1,Iran,Spain,0.43,2.2,24.3,75.7,0,3,6,18,158,719,262,816,19,12,12,6,10,10,10,10,5,5,10,10,1,1
Uruguay vs Saudi Arabia,World Cup 2018,1-0,Uruguay,Saudi Arabia,1.81,0.27,46.7,53.3,3,2,14,8,429,499,511,584,17,19,10,18,10,10,10,10,5,5,10,10,0,0
France vs Peru,World Cup 2018,1-0,France,Peru,1.86,0.63,44.3,55.7,4,3,12,12,332,436,435,548,30,29,24,11,10,10,10,10,5,5,10,10,0,0
Argentina vs Croatia,World Cup 2018,0-3,Argentina,Croatia,1.22,1.83,58.3,41.7,3,6,10,14,413,274,535,382,30,18,11,12,10,10,10,10,5,5,10,10,2,2
Colombia vs England,World Cup 2018,1-1,Colombia,England,4.75,6.16,47.9,52.1,9,7,19,22,429,477,556,605,31,31,7,5,10,10,10,10,5,5,10,10,2,2
Panama vs Tunisia,World Cup 2018,1-2,Panama,Tunisia,0.69,2.85,31.0,69.0,4,6,9,15,202,547,291,648,29,22,15,13,10,10,10,10,5,5,10,10,0,0
Japan vs Poland,World Cup 2018,0-1,Japan,Poland,0.89,1.04,54.1,45.9,3,2,11,11,491,400,587,499,18,24,3,6,10,10,10,10,5,5,10,10,2,2
Iceland vs Croatia,World Cup 2018,1-2,Iceland,Croatia,2.13,0.67,38.2,61.8,7,3,17,13,224,451,331,535,24,30,9,7,10,10,10,10,5,5,10,10,0,0
Russia vs Egypt,World Cup 2018,3-1,Russia,Egypt,0.98,1.7,49.1,50.9,4,2,12,15,321,360,467,484,26,32,8,13,10,10,10,10,5,5,10,10,0,0
Argentina vs Iceland,World Cup 2018,1-1,Argentina,Iceland,2.08,1.03,78.0,22.0,7,2,28,9,694,137,796,224,19,39,3,28,10,10,10,10,5,5,10,10,3,3
England vs Belgium,World Cup 2018,0-1,England,Belgium,1.2,0.97,47.5,52.5,1,3,12,14,432,487,514,569,16,30,6,7,10,10,10,10,5,5,10,10,1,1
Sweden vs Switzerland,World Cup 2018,1-0,Sweden,Switzerland,0.91,0.53,33.1,66.9,3,3,12,16,202,510,304,615,22,15,6,7,10,10,10,10,5,5,10,10,0,0
Iran vs Portugal,World Cup 2018,1-1,Iran,Portugal,1.58,1.52,27.5,72.5,2,4,9,15,154,534,239,630,25,18,18,7,10,10,10,10,5,5,10,10,1,1
Portugal vs Morocco,World Cup 2018,1-0,Portugal,Morocco,0.88,1.46,43.3,56.7,2,4,12,17,281,382,397,519,37,29,6,14,10,10,10,10,5,5,10,10,1,1
Croatia vs England,World Cup 2018,2-1,Croatia,England,2.14,0.55,55.0,45.0,8,1,22,11,492,403,656,537,28,11,6,5,10,10,10,10,5,5,10,10,0,0
Brazil vs Costa Rica,World Cup 2018,2-0,Brazil,Costa Rica,3.1,0.16,71.8,28.2,10,0,23,4,661,205,750,294,27,27,4,8,10,10,10,10,5,5,10,10,1,1
Egypt vs Uruguay,World Cup 2018,0-1,Egypt,Uruguay,0.36,1.94,42.9,57.1,3,5,8,16,344,513,469,623,47,23,16,21,10,10,10,10,5,5,10,10,3,3
South Korea vs Mexico,World Cup 2018,1-2,South Korea,Mexico,0.82,1.88,42.1,57.9,6,5,17,14,279,422,360,495,24,28,5,13,10,10,10,10,5,5,10,10,3,3
Belgium vs Panama,World Cup 2018,3-0,Belgium,Panama,1.21,0.63,62.6,37.4,6,2,15,7,513,284,610,364,23,29,12,15,10,10,10,10,5,5,10,10,0,0
Poland vs Colombia,World Cup 2018,0-3,Poland,Colombia,1.11,1.39,45.0,55.0,2,3,11,13,340,427,448,548,33,38,18,9,10,10,10,10,5,5,10,10,2,2
Portugal vs Spain,World Cup 2018,3-3,Portugal,Spain,1.43,1.66,33.2,66.8,3,6,10,12,318,714,388,780,15,21,6,12,10,10,10,10,5,5,10,10,0,0
Serbia vs Brazil,World Cup 2018,0-2,Serbia,Brazil,0.95,1.42,40.6,59.4,1,7,11,15,337,553,447,653,28,30,6,10,10,10,10,10,5,5,10,10,1,1
Germany vs Sweden,World Cup 2018,2-1,Germany,Sweden,1.32,0.82,75.4,24.6,6,6,18,7,619,164,718,234,26,16,3,9,10,10,10,10,5,5,10,10,3,3
Tunisia vs England,World Cup 2018,1-2,Tunisia,England,0.95,2.63,39.2,60.8,1,8,6,18,285,484,368,570,36,14,13,6,10,10,10,10,5,5,10,10,0,0
France vs Argentina,World Cup 2018,4-3,France,Argentina,1.64,1.45,39.5,60.5,5,4,9,12,283,448,350,535,32,24,8,7,10,10,10,10,5,5,10,10,1,1
Croatia vs Denmark,World Cup 2018,1-1,Croatia,Denmark,6.09,4.61,53.4,46.6,11,8,26,19,517,445,665,581,23,17,9,13,10,10,10,10,5,5,10,10,1,1
Nigeria vs Iceland,World Cup 2018,2-0,Nigeria,Iceland,1.31,1.55,60.9,39.1,5,3,17,10,413,224,529,339,25,29,8,7,10,10,10,10,5,5,10,10,1,1
Croatia vs Nigeria,World Cup 2018,2-0,Croatia,Nigeria,1.69,0.76,54.2,45.8,2,2,11,13,389,319,503,425,24,23,14,6,10,10,10,10,5,5,10,10,0,0
Australia vs Peru,World Cup 2018,0-2,Australia,Peru,1.63,0.34,57.2,42.8,2,3,16,4,489,341,575,431,10,39,5,6,10,10,10,10,5,5,10,10,0,0
Senegal vs Colombia,World Cup 2018,0-1,Senegal,Colombia,0.36,0.28,41.3,58.7,3,2,7,4,234,358,328,466,20,20,16,5,10,10,10,10,5,5,10,10,1,1
Switzerland vs Costa Rica,World Cup 2018,2-2,Switzerland,Costa Rica,1.22,1.58,62.2,37.8,4,8,13,14,502,280,595,362,22,14,7,13,10,10,10,10,5,5,10,10,0,0
France vs Australia,World Cup 2018,2-1,France,Australia,1.56,0.98,55.3,44.7,4,2,12,5,445,342,549,444,22,39,7,15,10,10,10,10,5,5,10,10,1,1
Uruguay vs Russia,World Cup 2018,3-0,Uruguay,Russia,2.48,0.18,58.1,41.9,6,1,16,3,436,290,526,380,27,15,6,7,10,10,10,10,5,5,10,10,1,1
Brazil vs Mexico,World Cup 2018,2-0,Brazil,Mexico,3.32,0.58,48.9,51.1,10,1,19,14,330,353,410,429,34,27,9,4,10,10,10,10,5,5,10,10,0,0
Denmark vs Australia,World Cup 2018,1-1,Denmark,Australia,1.01,1.41,47.3,52.7,5,5,10,13,396,442,478,533,28,21,10,4,10,10,10,10,5,5,10,10,0,0
Costa Rica vs Serbia,World Cup 2018,0-1,Costa Rica,Serbia,0.6,1.99,52.3,47.7,3,2,10,12,376,335,481,439,27,34,9,6,10,10,10,10,5,5,10,10,1,1
Uruguay vs France,World Cup 2018,0-2,Uruguay,France,0.69,0.54,38.3,61.7,4,2,10,11,217,445,352,567,38,31,14,17,10,10,10,10,5,5,10,10,0,0
France vs Croatia,World Cup 2018,4-2,France,Croatia,1.1,1.48,34.5,65.5,6,3,8,15,202,448,292,554,24,29,11,6,10,10,10,10,5,5,10,10,0,0
Spain vs Russia,World Cup 2018,1-1,Spain,Russia,5.36,4.54,78.0,22.0,14,5,29,12,1026,215,1157,326,33,29,3,21,10,10,10,10,5,5,10,10,0,0
Belgium vs Tunisia,World Cup 2018,5-2,Belgium,Tunisia,5.34,1.19,50.4,49.6,12,5,23,17,392,374,475,467,15,14,16,9,10,10,10,10,5,5,10,10,0,0
Peru vs Denmark,World Cup 2018,0-1,Peru,Denmark,1.93,1.12,52.0,48.0,6,3,17,11,347,302,435,402,28,28,8,11,10,10,10,10,5,5,10,10,2,2
Spain vs Morocco,World Cup 2018,2-2,Spain,Morocco,2.6,1.07,75.0,25.0,3,4,18,8,675,187,753,251,20,23,9,8,10,10,10,10,5,5,10,10,2,2
Brazil vs Switzerland,World Cup 2018,1-1,Brazil,Switzerland,1.87,0.47,54.8,45.2,4,2,21,7,473,363,555,458,16,24,22,15,10,10,10,10,5,5,10,10,0,0
Nigeria vs Argentina,World Cup 2018,1-2,Nigeria,Argentina,1.31,0.85,35.1,64.9,3,4,9,8,210,479,322,595,23,23,27,13,10,10,10,10,5,5,10,10,2,2
Uruguay vs Portugal,World Cup 2018,2-1,Uruguay,Portugal,0.48,1.0,32.9,67.1,3,4,7,21,190,486,291,593,35,25,11,10,10,10,10,10,5,5,10,10,1,1
Morocco vs Iran,World Cup 2018,0-1,Morocco,Iran,1.06,0.7,64.8,35.2,3,2,14,8,397,144,492,267,18,31,9,9,10,10,10,10,5,5,10,10,0,0
Russia vs Saudi Arabia,World Cup 2018,5-0,Russia,Saudi Arabia,1.28,0.25,40.4,59.6,7,0,14,6,272,458,388,572,26,43,4,7,10,10,10,10,5,5,10,10,3,3
Mexico vs Sweden,World Cup 2018,0-3,Mexico,Sweden,1.61,2.79,66.7,33.3,3,5,22,15,404,152,508,254,15,27,12,12,10,10,10,10,5,5,10,10,1,1
Sweden vs England,World Cup 2018,0-2,Sweden,England,0.83,0.76,41.5,58.5,3,2,8,12,291,426,400,563,31,20,9,4,10,10,10,10,5,5,10,10,0,0
South Korea vs Germany,World Cup 2018,2-0,South Korea,Germany,1.77,2.71,26.1,73.9,5,6,12,29,184,631,259,734,24,20,6,8,10,10,10,10,5,5,10,10,0,0
Colombia vs Japan,World Cup 2018,1-2,Colombia,Japan,0.81,2.32,40.1,59.9,3,6,10,14,314,530,422,630,34,31,13,19,10,10,10,10,5,5,10,10,2,2
France vs Belgium,World Cup 2018,1-0,France,Belgium,1.68,0.57,37.1,62.9,5,2,19,9,301,549,367,623,12,17,8,5,10,10,10,10,5,5,10,10,2,2
Belgium vs England,World Cup 2018,2-0,Belgium,England,1.32,1.34,42.1,57.9,4,5,11,15,427,619,499,685,17,11,9,13,10,10,10,10,5,5,10,10,1,1
Russia vs Croatia,World Cup 2018,2-2,Russia,Croatia,4.99,5.57,35.1,64.9,10,10,18,23,266,607,417,771,24,17,9,7,10,10,10,10,5,5,10,10,1,1
Denmark vs France,World Cup 2018,0-0,Denmark,France,0.14,0.42,32.9,67.1,1,4,5,11,236,592,342,699,30,16,10,5,10,10,10,10,5,5,10,10,2,2
Japan vs Senegal,World Cup 2018,2-2,Japan,Senegal,0.98,1.88,54.8,45.2,4,7,7,15,368,285,476,392,33,25,8,9,10,10,10,10,5,5,10,10,1,1
Saudi Arabia vs Egypt,World Cup 2018,2-1,Saudi Arabia,Egypt,2.55,0.92,64.0,36.0,7,1,21,8,589,292,674,379,18,15,19,12,10,10,10,10,5,5,10,10,0,0
Portugal vs Czech Republic,Euro 2024,2-1,Portugal,Czech Republic,1.84,0.31,73.3,26.7,8,1,19,5,643,177,753,274,26,45,5,16,10,10,10,10,5,5,10,10,2,2
Hungary vs Switzerland,Euro 2024,1-3,Hungary,Switzerland,1.1,2.1,49.5,50.5,2,7,6,15,384,407,483,492,30,34,14,12,10,10,10,10,5,5,10,10,3,3
Serbia vs England,Euro 2024,0-1,Serbia,England,0.25,0.56,47.0,53.0,1,2,6,5,462,543,548,618,28,23,6,7,10,10,10,10,5,5,10,10,0,0
England vs Slovenia,Euro 2024,0-0,England,Slovenia,0.76,0.16,72.8,27.2,3,1,12,4,710,219,790,295,13,26,4,6,10,10,10,10,5,5,10,10,3,3
Croatia vs Italy,Euro 2024,1-1,Croatia,Italy,1.48,0.99,47.3,52.7,4,3,6,13,470,518,545,608,26,21,10,4,10,10,10,10,5,5,10,10,8,8
Spain vs Croatia,Euro 2024,3-0,Spain,Croatia,1.57,2.48,46.8,53.2,5,5,11,16,410,482,490,557,25,38,3,11,10,10,10,10,5,5,10,10,4,4
Slovenia vs Serbia,Euro 2024,1-1,Slovenia,Serbia,1.55,1.46,39.6,60.4,5,5,12,15,300,506,389,594,44,37,7,5,10,10,10,10,5,5,10,10,1,1
France vs Poland,Euro 2024,1-1,France,Poland,1.89,1.18,57.3,42.7,8,3,19,10,511,372,592,441,22,28,6,11,10,10,10,10,5,5,10,10,2,3
Poland vs Austria,Euro 2024,1-3,Poland,Austria,1.44,1.82,46.7,53.3,3,9,15,15,338,410,428,488,25,28,5,22,10,10,10,10,5,5,10,10,2,2
Georgia vs Czech Republic,Euro 2024,1-1,Georgia,Czech Republic,1.18,2.87,38.4,61.6,1,12,5,27,268,464,353,567,39,38,7,4,10,10,10,10,5,5,10,10,2,2
Turkey vs Georgia,Euro 2024,3-1,Turkey,Georgia,2.4,1.58,55.7,44.3,8,5,22,14,541,411,613,488,38,44,3,5,10,10,10,10,5,5,10,10,4,4
Romania vs Ukraine,Euro 2024,3-0,Romania,Ukraine,1.12,0.54,30.6,69.4,6,3,10,13,197,538,279,632,26,28,6,5,10,10,10,10,5,5,10,10,1,1
Slovakia vs Ukraine,Euro 2024,1-2,Slovakia,Ukraine,0.75,1.73,56.8,43.2,5,5,14,13,524,384,598,455,19,25,2,10,10,10,10,10,5,5,10,10,1,1
Poland vs Netherlands,Euro 2024,1-2,Poland,Netherlands,0.91,1.31,33.9,66.1,7,4,12,21,250,555,324,631,33,22,7,7,10,10,10,10,5,5,10,10,2,2
Georgia vs Portugal,Euro 2024,2-0,Georgia,Portugal,1.35,2.36,28.9,71.1,3,5,7,22,224,661,299,737,39,26,6,3,10,10,10,10,5,5,10,10,10,10
France vs Belgium,Euro 2024,1-0,France,Belgium,1.26,0.36,55.4,44.6,2,2,19,5,590,456,650,524,23,30,11,8,10,10,10,10,5,5,10,10,3,3
England vs Switzerland,Euro 2024,1-1,England,Switzerland,4.45,4.34,52.3,47.7,8,8,18,16,647,602,738,673,28,30,3,6,10,10,10,10,5,5,10,10,4,4
Turkey vs Portugal,Euro 2024,0-3,Turkey,Portugal,0.78,1.9,43.4,56.6,3,3,11,12,389,539,468,610,33,25,11,8,10,10,10,10,5,5,10,10,2,2
Slovenia vs Denmark,Euro 2024,1-1,Slovenia,Denmark,0.97,1.51,32.9,67.1,3,4,11,16,256,611,343,700,40,19,11,3,10,10,10,10,5,5,10,10,1,1
Switzerland vs Germany,Euro 2024,1-1,Switzerland,Germany,0.28,1.54,34.7,65.3,3,4,4,18,281,606,367,690,24,23,9,11,10,10,10,10,5,5,10,10,2,2
Scotland vs Switzerland,Euro 2024,1-1,Scotland,Switzerland,0.77,0.99,47.8,52.2,4,5,12,11,319,365,418,456,30,35,4,7,10,10,10,10,5,5,10,10,4,4
Netherlands vs England,Euro 2024,1-2,Netherlands,England,0.41,1.24,41.9,58.1,4,6,7,9,396,559,445,617,27,20,9,7,10,10,10,10,5,5,10,10,4,4
Spain vs England,Euro 2024,2-1,Spain,England,1.79,0.73,64.7,35.3,6,3,16,9,518,254,592,323,32,36,2,3,10,10,10,10,5,5,10,10,4,4
Spain vs France,Euro 2024,2-1,Spain,France,0.42,0.85,58.1,41.9,2,3,6,9,473,318,542,391,27,31,4,6,10,10,10,10,5,5,10,10,1,1
Netherlands vs Turkey,Euro 2024,2-1,Netherlands,Turkey,0.72,1.18,59.0,41.0,4,3,11,15,498,316,569,395,27,39,6,13,10,10,10,10,5,5,10,10,5,5
Portugal vs France,Euro 2024,0-0,Portugal,France,4.54,4.98,59.7,40.3,8,12,19,25,839,561,927,625,23,28,6,11,10,10,10,10,5,5,10,10,2,2
Netherlands vs Austria,Euro 2024,2-3,Netherlands,Austria,1.51,1.06,53.3,46.7,3,5,11,9,395,337,488,428,32,42,9,9,10,10,10,10,5,5,10,10,5,5
Denmark vs England,Euro 2024,1-1,Denmark,England,0.73,1.17,50.4,49.6,7,5,16,12,495,489,587,577,33,31,9,5,10,10,10,10,5,5,10,10,3,3
Spain vs Germany,Euro 2024,2-1,Spain,Germany,1.53,1.63,48.1,51.9,6,6,19,23,512,543,606,655,29,39,10,6,10,10,10,10,5,5,10,10,3,3
Ukraine vs Belgium,Euro 2024,0-0,Ukraine,Belgium,0.71,0.63,40.1,59.9,5,4,14,12,338,516,401,600,33,18,13,2,10,10,10,10,5,5,10,10,4,4
Czech Republic vs Turkey,Euro 2024,1-2,Czech Republic,Turkey,1.41,1.22,32.9,67.1,6,5,12,18,186,467,266,543,29,41,6,6,10,10,10,10,5,5,10,10,0,0
Austria vs Turkey,Euro 2024,1-2,Austria,Turkey,2.49,0.88,59.5,40.5,5,3,21,6,508,332,628,427,37,34,6,12,10,10,10,10,5,5,10,10,5,5
Romania vs Netherlands,Euro 2024,0-3,Romania,Netherlands,0.27,2.63,36.3,63.7,1,7,5,24,229,470,319,559,30,22,9,12,10,10,10,10,5,5,10,10,3,3
Portugal vs Slovenia,Euro 2024,0-0,Portugal,Slovenia,4.07,3.07,70.7,29.3,8,5,23,13,718,216,842,349,44,67,13,14,10,10,10,10,5,5,10,10,6,6
Spain vs Georgia,Euro 2024,4-1,Spain,Georgia,2.76,0.11,74.9,25.1,13,0,35,4,782,225,850,285,23,28,8,11,10,10,10,10,5,5,10,10,4,4
England vs Slovakia,Euro 2024,2-1,England,Slovakia,1.59,1.55,62.9,37.1,3,3,16,13,737,400,872,514,41,49,9,11,10,10,10,10,5,5,10,10,2,2
Denmark vs Serbia,Euro 2024,0-0,Denmark,Serbia,0.55,0.32,52.9,47.1,3,1,10,5,500,430,599,534,31,46,9,7,10,10,10,10,5,5,10,10,2,2
Albania vs Spain,Euro 2024,0-1,Albania,Spain,0.5,0.95,40.7,59.3,4,3,10,16,351,549,432,630,30,30,17,11,10,10,10,10,5,5,10,10,4,4
Germany vs Denmark,Euro 2024,2-0,Germany,Denmark,2.23,1.07,54.8,45.2,9,2,15,10,504,387,575,475,22,34,8,6,10,10,10,10,5,5,10,10,2,2
Switzerland vs Italy,Euro 2024,2-0,Switzerland,Italy,0.78,0.73,49.9,50.1,3,2,16,11,496,480,561,563,25,17,5,8,10,10,10,10,5,5,10,10,3,3
Scotland vs Hungary,Euro 2024,0-1,Scotland,Hungary,0.18,1.0,57.1,42.9,0,7,4,14,436,289,539,405,35,59,7,4,10,10,10,10,5,5,10,10,7,7
Netherlands vs France,Euro 2024,0-0,Netherlands,France,0.74,1.22,37.8,62.2,4,3,9,15,367,630,424,697,20,17,10,4,10,10,10,10,5,5,10,10,2,2
Spain vs Italy,Euro 2024,1-0,Spain,Italy,1.53,0.14,56.7,43.3,9,1,20,4,564,389,624,476,28,34,10,9,10,10,10,10,5,5,10,10,4,4
Croatia vs Albania,Euro 2024,2-2,Croatia,Albania,1.86,1.33,66.6,33.4,8,7,21,14,602,264,681,341,22,32,12,11,10,10,10,10,5,5,10,10,3,3
Germany vs Hungary,Euro 2024,2-0,Germany,Hungary,1.48,1.23,69.2,30.8,7,2,19,11,688,265,758,337,29,26,7,6,10,10,10,10,5,5,10,10,1,1
Austria vs France,Euro 2024,0-1,Austria,France,0.75,1.9,51.5,48.5,3,3,5,14,432,421,529,499,42,20,8,10,10,10,10,10,5,5,10,10,5,5
Belgium vs Slovakia,Euro 2024,0-1,Belgium,Slovakia,1.75,0.71,60.1,39.9,5,4,16,10,508,309,601,399,23,18,3,14,10,10,10,10,5,5,10,10,1,1
Italy vs Albania,Euro 2024,2-1,Italy,Albania,1.45,0.35,67.8,32.2,4,2,17,8,784,340,855,406,18,17,6,13,10,10,10,10,5,5,10,10,2,2
Slovakia vs Romania,Euro 2024,1-1,Slovakia,Romania,0.84,1.12,57.7,42.3,4,5,13,9,384,257,496,364,26,28,12,9,10,10,10,10,5,5,10,10,1,1
Belgium vs Romania,Euro 2024,2-0,Belgium,Romania,1.65,1.25,55.5,44.5,9,4,20,14,399,311,483,387,25,40,6,7,10,10,10,10,5,5,10,10,1,1
Germany vs Scotland,Euro 2024,5-1,Germany,Scotland,1.84,0.06,72.4,27.6,10,0,20,1,665,206,723,275,24,23,5,7,10,10,10,10,5,5,10,10,4,4
Ukraine vs North Macedonia,Euro 2020,2-1,Ukraine,North Macedonia,3.24,1.98,52.4,47.6,9,4,17,13,409,365,485,440,23,25,20,13,10,10,10,10,5,5,10,10,0,0
Portugal vs France,Euro 2020,2-2,Portugal,France,2.04,1.51,47.4,52.6,5,4,10,11,505,570,556,617,25,20,7,14,10,10,10,10,5,5,10,10,0,0
Switzerland vs Turkey,Euro 2020,3-1,Switzerland,Turkey,1.98,1.24,50.3,49.7,11,6,23,20,441,439,516,510,24,34,17,20,10,10,10,10,5,5,10,10,1,1
Sweden vs Slovakia,Euro 2020,1-0,Sweden,Slovakia,1.58,0.55,42.4,57.6,4,0,13,10,383,556,464,631,40,37,7,2,10,10,10,10,5,5,10,10,0,0
Croatia vs Czech Republic,Euro 2020,1-1,Croatia,Czech Republic,0.99,1.91,49.8,50.2,2,1,11,11,378,368,465,469,30,31,16,12,10,10,10,10,5,5,10,10,1,1
Switzerland vs Spain,Euro 2020,1-1,Switzerland,Spain,3.96,6.93,28.0,72.0,5,16,12,34,277,922,400,1031,56,29,24,11,10,10,10,10,5,5,10,10,1,1
Belgium vs Portugal,Euro 2020,1-0,Belgium,Portugal,0.22,1.21,42.8,57.2,1,5,6,23,394,542,471,630,30,29,7,18,10,10,10,10,5,5,10,10,2,2
Netherlands vs Czech Republic,Euro 2020,0-2,Netherlands,Czech Republic,0.84,1.27,51.5,48.5,0,5,6,12,323,313,440,415,50,51,18,6,10,10,10,10,5,5,10,10,3,3
Italy vs Austria,Euro 2020,2-1,Italy,Austria,1.52,1.04,51.6,48.4,7,3,26,16,611,541,704,660,38,48,20,25,10,10,10,10,5,5,10,10,2,2
Sweden vs Ukraine,Euro 2020,1-2,Sweden,Ukraine,0.91,1.34,46.4,53.6,5,5,13,15,570,692,685,792,29,37,15,14,10,10,10,10,5,5,10,10,0,0
Wales vs Denmark,Euro 2020,0-4,Wales,Denmark,0.6,2.16,47.5,52.5,1,9,11,16,343,378,420,465,36,23,11,10,10,10,10,10,5,5,10,10,1,1
Belgium vs Italy,Euro 2020,1-2,Belgium,Italy,1.8,1.14,46.9,53.1,3,4,10,14,395,486,482,546,27,34,9,8,10,10,10,10,5,5,10,10,1,1
Ukraine vs England,Euro 2020,0-4,Ukraine,England,0.34,1.22,48.1,51.9,2,6,7,10,540,589,600,648,25,15,13,19,10,10,10,10,5,5,10,10,3,3
Italy vs Spain,Euro 2020,1-1,Italy,Spain,4.32,4.54,31.0,69.0,10,7,12,20,321,833,425,946,27,28,17,23,10,10,10,10,5,5,10,10,0,0
Croatia vs Spain,Euro 2020,3-5,Croatia,Spain,2.79,2.78,34.1,65.9,6,11,11,24,391,827,482,930,32,40,20,9,10,10,10,10,5,5,10,10,0,0
Hungary vs France,Euro 2020,1-1,Hungary,France,0.47,1.69,35.1,64.9,3,5,5,17,293,605,369,681,32,19,13,9,10,10,10,10,5,5,10,10,0,0
Italy vs England,Euro 2020,1-1,Italy,England,6.0,4.34,65.6,34.4,9,6,24,11,781,351,885,465,45,47,17,18,10,10,10,10,5,5,10,10,0,0
Russia vs Denmark,Euro 2020,1-4,Russia,Denmark,1.09,2.33,34.8,65.2,2,9,6,16,197,444,289,542,49,37,14,5,10,10,10,10,5,5,10,10,1,1
Italy vs Wales,Euro 2020,1-0,Italy,Wales,1.67,0.24,69.7,30.3,8,1,23,3,574,211,629,274,22,27,5,11,10,10,10,10,5,5,10,10,0,0
Portugal vs Germany,Euro 2020,2-4,Portugal,Germany,1.94,2.13,42.6,57.4,3,8,7,13,373,535,442,596,21,20,5,11,10,10,10,10,5,5,10,10,0,0
Turkey vs Wales,Euro 2020,0-2,Turkey,Wales,1.31,2.87,61.9,38.1,5,7,18,16,467,256,559,344,39,40,8,15,10,10,10,10,5,5,10,10,0,0
Italy vs Switzerland,Euro 2020,3-0,Italy,Switzerland,1.71,0.33,49.6,50.4,3,1,13,6,475,483,554,563,23,24,15,12,10,10,10,10,5,5,10,10,0,0
Spain vs Poland,Euro 2020,1-1,Spain,Poland,2.61,0.55,75.7,24.3,6,3,12,5,658,146,754,242,30,48,11,20,10,10,10,10,5,5,10,10,0,0
Austria vs North Macedonia,Euro 2020,3-1,Austria,North Macedonia,1.44,0.84,63.3,36.7,6,2,10,7,500,268,605,351,42,43,11,13,10,10,10,10,5,5,10,10,1,1
Turkey vs Italy,Euro 2020,0-3,Turkey,Italy,0.15,1.59,36.8,63.2,0,8,3,24,307,577,390,669,27,24,29,18,10,10,10,10,5,5,10,10,0,0
Czech Republic vs Denmark,Euro 2020,1-2,Czech Republic,Denmark,1.16,1.21,56.1,43.9,5,7,16,11,393,307,508,398,41,36,13,21,10,10,10,10,5,5,10,10,2,2
North Macedonia vs Netherlands,Euro 2020,0-3,North Macedonia,Netherlands,0.74,3.22,41.5,58.5,2,8,13,17,360,527,439,619,24,28,24,15,10,10,10,10,5,5,10,10,0,0
England vs Germany,Euro 2020,2-0,England,Germany,1.16,1.06,46.0,54.0,4,3,5,9,395,470,476,558,31,37,10,6,10,10,10,10,5,5,10,10,1,1
Germany vs Hungary,Euro 2020,2-2,Germany,Hungary,2.1,0.74,75.4,24.6,7,4,18,9,698,185,783,255,28,36,18,15,10,10,10,10,5,5,10,10,1,1
Croatia vs Scotland,Euro 2020,3-1,Croatia,Scotland,0.78,1.11,65.5,34.5,7,3,11,11,594,264,671,353,24,31,12,17,10,10,10,10,5,5,10,10,1,1
Czech Republic vs England,Euro 2020,0-1,Czech Republic,England,0.39,0.64,43.7,56.3,1,2,7,6,334,462,430,554,32,21,19,24,10,10,10,10,5,5,10,10,1,1
Finland vs Belgium,Euro 2020,0-2,Finland,Belgium,0.24,1.14,39.2,60.8,1,8,7,17,379,639,460,714,37,28,9,11,10,10,10,10,5,5,10,10,0,0
Ukraine vs Austria,Euro 2020,0-1,Ukraine,Austria,0.41,1.49,49.6,50.4,1,4,5,18,402,402,499,507,25,25,20,9,10,10,10,10,5,5,10,10,0,0
Finland vs Russia,Euro 2020,0-1,Finland,Russia,0.97,1.26,40.8,59.2,1,3,11,14,344,511,423,615,49,37,19,7,10,10,10,10,5,5,10,10,1,1
England vs Scotland,Euro 2020,0-0,England,Scotland,0.85,0.74,60.2,39.8,2,1,9,11,513,309,580,383,35,37,4,19,10,10,10,10,5,5,10,10,0,0
Denmark vs Belgium,Euro 2020,1-2,Denmark,Belgium,1.62,1.05,46.3,53.7,6,4,21,6,437,517,519,602,33,29,25,11,10,10,10,10,5,5,10,10,0,0
England vs Croatia,Euro 2020,1-0,England,Croatia,0.71,0.34,49.3,50.7,3,1,8,8,391,405,470,483,21,21,22,15,10,10,10,10,5,5,10,10,0,0
England vs Denmark,Euro 2020,2-1,England,Denmark,3.05,0.38,58.5,41.5,10,3,21,6,680,448,784,557,32,50,17,11,10,10,10,10,5,5,10,10,0,0
Netherlands vs Ukraine,Euro 2020,3-2,Netherlands,Ukraine,1.43,0.59,61.1,38.9,7,5,15,7,626,367,705,449,21,34,7,15,10,10,10,10,5,5,10,10,0,0
France vs Switzerland,Euro 2020,3-3,France,Switzerland,6.56,5.77,54.4,45.6,14,10,31,18,582,476,678,568,41,46,9,27,10,10,10,10,5,5,10,10,1,1
Netherlands vs Austria,Euro 2020,2-0,Netherlands,Austria,3.34,0.4,48.0,52.0,3,1,14,9,405,448,500,542,31,31,7,13,10,10,10,10,5,5,10,10,1,1
Poland vs Slovakia,Euro 2020,1-2,Poland,Slovakia,1.39,0.35,57.7,42.3,4,2,18,11,491,359,590,432,29,32,10,23,10,10,10,10,5,5,10,10,0,0
Spain vs Sweden,Euro 2020,0-0,Spain,Sweden,1.93,0.82,84.5,15.5,5,0,17,4,841,94,946,173,23,25,3,34,10,10,10,10,5,5,10,10,1,1
Scotland vs Czech Republic,Euro 2020,0-2,Scotland,Czech Republic,1.73,0.81,56.6,43.4,5,7,19,10,386,270,503,386,45,55,23,28,10,10,10,10,5,5,10,10,0,0
France vs Germany,Euro 2020,1-0,France,Germany,0.45,0.83,38.7,61.3,2,1,4,10,375,644,463,733,33,29,22,13,10,10,10,10,5,5,10,10,0,0
Hungary vs Portugal,Euro 2020,0-3,Hungary,Portugal,0.2,2.68,31.2,68.8,3,7,5,11,242,627,324,713,34,43,19,14,10,10,10,10,5,5,10,10,1,1
Denmark vs Finland,Euro 2020,0-1,Denmark,Finland,1.95,0.29,68.8,31.2,6,1,22,1,567,205,678,307,27,46,11,16,10,10,10,10,5,5,10,10,0,0
Slovakia vs Spain,Euro 2020,0-5,Slovakia,Spain,0.09,3.22,34.4,65.6,0,10,3,19,293,631,368,702,28,18,14,10,10,10,10,10,5,5,10,10,0,0
Sweden vs Poland,Euro 2020,3-2,Sweden,Poland,1.04,1.66,33.3,66.7,4,8,11,18,163,425,278,557,48,48,8,9,10,10,10,10,5,5,10,10,0,0
Belgium vs Russia,Euro 2020,3-0,Belgium,Russia,1.39,0.26,65.5,34.5,4,1,9,5,675,292,763,401,23,43,15,14,10,10,10,10,5,5,10,10,0,0
Wales vs Switzerland,Euro 2020,1-1,Wales,Switzerland,0.58,1.56,36.9,63.1,2,4,9,18,257,477,329,563,24,38,8,10,10,10,10,10,5,5,10,10,0,0
Brazil vs Colombia,Copa America 2024,1-1,Brazil,Colombia,0.31,1.5,49.9,50.1,3,7,7,13,360,368,446,448,36,31,11,7,10,10,10,10,5,5,10,10,6,6
Jamaica vs Venezuela,Copa America 2024,0-3,Jamaica,Venezuela,0.67,1.71,47.3,52.7,1,3,8,17,312,356,392,436,22,30,9,10,10,10,10,10,5,5,10,10,2,2
Uruguay vs Bolivia,Copa America 2024,5-0,Uruguay,Bolivia,2.32,0.05,60.1,39.9,10,1,18,4,447,283,531,353,45,45,6,13,10,10,10,10,5,5,10,10,5,5
Peru vs Chile,Copa America 2024,0-0,Peru,Chile,0.68,1.02,36.6,63.4,4,1,7,11,216,454,322,557,51,36,9,6,10,10,10,10,5,5,10,10,1,1
Ecuador vs Jamaica,Copa America 2024,3-1,Ecuador,Jamaica,2.37,0.93,45.5,54.5,3,4,23,7,240,282,315,377,37,35,7,7,10,10,10,10,5,5,10,10,3,3
Chile vs Argentina,Copa America 2024,0-1,Chile,Argentina,0.13,2.78,39.8,60.2,3,9,3,22,306,521,393,595,30,28,8,12,10,10,10,10,5,5,10,10,5,5
Colombia vs Paraguay,Copa America 2024,2-1,Colombia,Paraguay,0.62,0.83,65.8,34.2,3,3,11,11,461,183,561,291,45,32,8,10,10,10,10,10,5,5,10,10,9,9
United States vs Bolivia,Copa America 2024,2-0,United States,Bolivia,2.4,0.15,59.8,40.2,8,3,20,6,477,302,581,391,31,24,6,10,10,10,10,10,5,5,10,10,6,6
Argentina vs Peru,Copa America 2024,2-0,Argentina,Peru,2.11,0.17,72.7,27.3,7,2,12,7,594,176,667,250,35,28,6,9,10,10,10,10,5,5,10,10,1,1
Mexico vs Jamaica,Copa America 2024,1-0,Mexico,Jamaica,1.14,0.51,60.1,39.9,9,4,20,13,456,266,565,375,35,45,11,10,10,10,10,10,5,5,10,10,5,5
Venezuela vs Mexico,Copa America 2024,1-0,Venezuela,Mexico,1.14,2.38,40.4,59.6,3,5,10,18,260,423,359,530,39,42,11,7,10,10,10,10,5,5,10,10,4,4
Mexico vs Ecuador,Copa America 2024,0-0,Mexico,Ecuador,0.94,0.31,58.7,41.3,5,3,20,9,357,220,454,319,39,55,5,7,10,10,10,10,5,5,10,10,6,6
United States vs Uruguay,Copa America 2024,0-1,United States,Uruguay,0.47,1.27,51.6,48.4,2,5,8,12,272,253,376,352,29,32,3,11,10,10,10,10,5,5,10,10,3,3
Paraguay vs Brazil,Copa America 2024,1-4,Paraguay,Brazil,0.69,3.75,45.8,54.2,6,7,15,17,349,430,422,500,39,29,15,8,10,10,10,10,5,5,10,10,6,6
Ecuador vs Venezuela,Copa America 2024,1-2,Ecuador,Venezuela,0.74,1.59,35.1,64.9,4,5,9,14,202,454,298,550,47,32,10,7,10,10,10,10,5,5,10,10,4,4
Peru vs Canada,Copa America 2024,0-1,Peru,Canada,0.58,0.91,50.1,49.9,4,2,9,5,287,310,406,405,37,36,12,2,10,10,10,10,5,5,10,10,2,2
Brazil vs Costa Rica,Copa America 2024,0-0,Brazil,Costa Rica,1.62,0.04,74.1,25.9,4,0,20,2,660,191,748,262,32,28,9,8,10,10,10,10,5,5,10,10,4,4
Costa Rica vs Paraguay,Copa America 2024,2-1,Costa Rica,Paraguay,0.27,1.44,34.8,65.2,2,6,2,17,203,481,304,569,33,27,10,14,10,10,10,10,5,5,10,10,2,2
Colombia vs Panama,Copa America 2024,5-0,Colombia,Panama,2.18,0.61,52.7,47.3,5,3,7,14,334,299,412,370,30,28,4,9,10,10,10,10,5,5,10,10,4,4
Argentina vs Colombia,Copa America 2024,1-0,Argentina,Colombia,1.08,0.97,44.9,55.1,5,5,11,19,436,556,537,660,36,49,9,12,10,10,10,10,5,5,10,10,3,3
Canada vs Uruguay,Copa America 2024,2-2,Canada,Uruguay,6.21,4.65,51.0,49.0,10,9,19,16,272,273,379,364,33,24,14,9,10,10,10,10,5,5,10,10,4,4
Uruguay vs Colombia,Copa America 2024,0-1,Uruguay,Colombia,0.75,1.17,60.2,39.8,3,3,11,11,374,221,457,302,39,34,9,7,10,10,10,10,5,5,10,10,3,3
Argentina vs Canada,Copa America 2024,2-0,Argentina,Canada,1.75,0.72,51.5,48.5,3,2,11,9,432,411,506,477,19,18,6,11,10,10,10,10,5,5,10,10,4,4
Uruguay vs Brazil,Copa America 2024,0-0,Uruguay,Brazil,4.55,3.81,39.8,60.2,6,7,17,11,200,341,282,426,40,35,8,12,10,10,10,10,5,5,10,10,3,3
Uruguay vs Panama,Copa America 2024,3-1,Uruguay,Panama,1.36,0.54,54.3,45.7,7,3,20,10,360,286,448,377,26,36,10,7,10,10,10,10,5,5,10,10,3,3
Venezuela vs Canada,Copa America 2024,1-1,Venezuela,Canada,5.62,6.05,55.3,44.7,8,10,21,22,346,283,476,384,52,54,11,6,10,10,10,10,5,5,10,10,5,5
Argentina vs Ecuador,Copa America 2024,1-1,Argentina,Ecuador,4.78,4.52,50.6,49.4,7,7,13,13,323,314,401,392,35,26,8,7,10,10,10,10,5,5,10,10,2,2
Canada vs Chile,Copa America 2024,0-0,Canada,Chile,0.7,0.45,56.5,43.5,3,4,9,8,376,257,473,364,30,45,10,7,10,10,10,10,5,5,10,10,7,7
Colombia vs Costa Rica,Copa America 2024,3-0,Colombia,Costa Rica,2.9,0.17,62.8,37.2,5,0,18,5,495,257,566,335,27,41,5,2,10,10,10,10,5,5,10,10,8,8
Panama vs United States,Copa America 2024,2-1,Panama,United States,0.73,0.91,72.8,27.2,4,2,13,6,499,133,596,223,22,34,2,9,10,10,10,10,5,5,10,10,3,2
Bolivia vs Panama,Copa America 2024,1-3,Bolivia,Panama,0.79,1.34,51.2,48.8,3,6,7,13,393,366,478,455,33,30,9,12,10,10,10,10,5,5,10,10,3,3
Argentina vs Canada,Copa America 2024,2-0,Argentina,Canada,3.54,0.98,64.9,35.1,8,2,19,10,588,290,652,353,16,29,10,9,10,10,10,10,5,5,10,10,2,3
